Date,League,Predcition Score,Prediction Type,Confidence Level(%),Outcome,Source
,Serie A,0-0,Draw,,2-0,whoscored.com
,Serie A,0-0,Draw,,2-0,whoscored.com
,Serie A,0-0,Draw,,01-Jan,whoscored.com
,Serie A,0-0,Draw,,01-Jan,whoscored.com
,Serie A,0-0,Draw,,0-0,whoscored.com
,Serie A,0-0,Draw,,3-0,whoscored.com
,Portugal Primera,0-0,Draw,,01-Jan,whoscored.com
,Portugal Primera,0-0,Draw,,01-Jan,whoscored.com
,Portugal Primera,0-0,Draw,,03-Apr,whoscored.com
,Portugal Primera,0-0,Draw,,0-0,whoscored.com
,Portugal Primera,0-0,Draw,,02-Jan,whoscored.com
,Bundesliga,0-0,Draw,,2-0,whoscored.com
,La Liga,0-1,Away win,,02-Mar,whoscored.com
,La Liga,0-1,Away win,,0-0,whoscored.com
,La Liga,0-1,Away win,,0-0,whoscored.com
,La Liga,0-1,Away win,,02-Feb,whoscored.com
,La Liga,0-1,Away win,,01-Jan,whoscored.com
,La Liga,0-1,Away win,,01-Jan,whoscored.com
,La Liga,0-1,Away win,,0-1,whoscored.com
,La Liga,0-1,Away win,,2-0,whoscored.com
,Bundesliga,0-1,Away win,,5-0,whoscored.com
,Bundesliga,0-1,Away win,,03-Jan,whoscored.com
,Bundesliga,0-1,Away win,,03-Jan,whoscored.com
,Bundesliga,0-1,Away win,,01-Jan,whoscored.com
,Portugal Primera,0-1,Away win,,01-Feb,whoscored.com
,Portugal Primera,0-1,Away win,,01-Jan,whoscored.com
,Portugal Primera,0-1,Away win,,02-Feb,whoscored.com
,Portugal Primera,0-1,Away win,,01-Jan,whoscored.com
,Portugal Primera,0-1,Away win,,03-Jan,whoscored.com
,Portugal Primera,0-1,Away win,,2-0,whoscored.com
,Portugal Primera,0-1,Away win,,0-0,whoscored.com
,Bundesliga 2,0-1,Away win,,01-Jan,whoscored.com
,Bundesliga 2,0-1,Away win,,01-Mar,whoscored.com
,Bundesliga 2,0-1,Away win,,2-0,whoscored.com
,EPL,0-2,Away win,,01-Mar,whoscored.com
,EPL,0-2,Away win,,0-4,whoscored.com
,EPL,0-2,Away win,,01-Apr,whoscored.com
,EPL,0-2,Away win,,01-Feb,whoscored.com
,EPL,0-2,Away win,,01-Feb,whoscored.com
,EPL,0-2,Away win,,02-Jan,whoscored.com
,EPL,0-2,Away win,,02-Jan,whoscored.com
,EPL,0-2,Away win,,02-Jan,whoscored.com
,EPL,0-2,Away win,,0-1,whoscored.com
,EPL,0-2,Away win,,0-2,whoscored.com
,Serie A,0-2,Away win,,0-0,whoscored.com
,Serie A,0-2,Away win,,0-1,whoscored.com
,Serie A,0-2,Away win,,0-1,whoscored.com
,Serie A,0-2,Away win,,0-3,whoscored.com
,Serie A,0-2,Away win,,0-3,whoscored.com
,Serie A,0-2,Away win,,0-4,whoscored.com
,Serie A,0-2,Away win,,0-4,whoscored.com
,Serie A,0-2,Away win,,01-Mar,whoscored.com
,Serie A,0-2,Away win,,01-Mar,whoscored.com
,Serie A,0-2,Away win,,02-Feb,whoscored.com
,Serie A,0-2,Away win,,02-Feb,whoscored.com
,Serie A,0-2,Away win,,04-Jan,whoscored.com
,Serie A,0-2,Away win,,0-2,whoscored.com
,Serie A,0-2,Away win,,0-2,whoscored.com
,Serie A,0-2,Away win,,01-Feb,whoscored.com
,Serie A,0-2,Away win,,01-Jan,whoscored.com
,Serie A,0-2,Away win,,01-May,whoscored.com
,Serie A,0-2,Away win,,02-Apr,whoscored.com
,Serie A,0-2,Away win,,01-Apr,whoscored.com
,Portugal Primera,0-2,Away win,,03-Jan,whoscored.com
,Portugal Primera,0-2,Away win,,4-0,whoscored.com
,Portugal Primera,0-2,Away win,,01-Mar,whoscored.com
,Portugal Primera,0-2,Away win,,0-0,whoscored.com
,Portugal Primera,0-2,Away win,,01-Feb,whoscored.com
,Portugal Primera,0-2,Away win,,1-0,whoscored.com
,EPL,0-3,Away win,,01-Feb,whoscored.com
,EPL,0-3,Away win,,01-Jan,whoscored.com
,EPL,0-3,Away win,,03-Apr,whoscored.com
,EPL,0-3,Away win,,0-2,whoscored.com
,LA LIGA,0-3,Away win,,02-Feb,whoscored.com
,LA LIGA,0-3,Away win,,0-3,whoscored.com
,LA LIGA,0-3,Away win,,0-0,whoscored.com
,LA LIGA,0-3,Away win,,01-Jan,whoscored.com
,Bundesliga 2,0-3,Away win,,01-Apr,whoscored.com
,Bundesliga 2,0-3,Away win,,01-Jan,whoscored.com
,Bundesliga 2,0-3,Away win,,1-0,whoscored.com
,EPL,0-4,Away win,,0-6,whoscored.com
,EPL,1-0,Home win,,01-Feb,whoscored.com
,EPL,1-0,Home win,,03-Jan,whoscored.com
,EPL,1-0,Home win,,5-0,whoscored.com
,EPL,1-0,Home win,,5-0,whoscored.com
,EPL,1-0,Home win,,01-Mar,whoscored.com
,EPL,1-0,Home win,,01-Jan,whoscored.com
,Bundesliga,1-0,Home win,,0-3,whoscored.com
,Bundesliga,1-0,Home win,,01-Jan,whoscored.com
,Bundesliga,1-0,Home win,,01-Jan,whoscored.com
,Bundesliga,1-0,Home win,,0-0,whoscored.com
,Bundesliga,1-0,Home win,,03-Mar,whoscored.com
,Bundesliga,1-0,Home win,,0-1,whoscored.com
,Bundesliga,1-0,Home win,,02-Feb,whoscored.com
,Bundesliga 2,1-0,Home win,,2-0,whoscored.com
,Bundesliga 2,1-0,Home win,,03-Jan,whoscored.com
,Bundesliga 2,1-0,Home win,,1-0,whoscored.com
,Bundesliga 2,1-0,Home win,,1-0,whoscored.com
,Bundesliga 2,1-0,Home win,,3-0,whoscored.com
,Bundesliga 2,1-0,Home win,,01-Mar,whoscored.com
,Bundesliga 2,1-0,Home win,,02-Jan,whoscored.com
,Bundesliga 2,1-0,Home win,,01-Jan,whoscored.com
,Bundesliga 2,1-0,Home win,,0-3,whoscored.com
,EPL,01-Jan,Draw,,01-Jan,whoscored.com
,EPL,01-Jan,Draw,,01-Jan,whoscored.com
,EPL,01-Jan,Draw,,01-Mar,whoscored.com
,EPL,01-Jan,Draw,,01-Mar,whoscored.com
,EPL,01-Jan,Draw,,02-Feb,whoscored.com
,EPL,01-Jan,Draw,,02-Feb,whoscored.com
,EPL,01-Jan,Draw,,3-0,whoscored.com
,EPL,01-Jan,Draw,,3-0,whoscored.com
,EPL,01-Jan,Draw,,03-Feb,whoscored.com
,EPL,01-Jan,Draw,,03-Feb,whoscored.com
,EPL,01-Jan,Draw,,03-Feb,whoscored.com
,EPL,01-Jan,Draw,,1-0,whoscored.com
,EPL,01-Jan,Draw,,02-Jan,whoscored.com
,EPL,01-Jan,Draw,,02-Jan,whoscored.com
,EPL,01-Jan,Draw,,04-Jan,whoscored.com
,EPL,01-Jan,Draw,,04-Jan,whoscored.com
,EPL,01-Jan,Draw,,0-2,whoscored.com
,EPL,01-Jan,Draw,,1-0,whoscored.com
,EPL,01-Jan,Draw,,2-0,whoscored.com
,EPL,01-Jan,Draw,,01-Apr,whoscored.com
,Bundesliga,01-Feb,Away win,,03-Jan,whoscored.com
,Bundesliga 2,01-Feb,Away win,,01-Jan,whoscored.com
,Bundesliga 2,01-Feb,Away win,,01-Jan,whoscored.com
,Bundesliga 2,01-Feb,Away win,,01-Feb,whoscored.com
,Bundesliga 2,01-Feb,Away win,,01-Feb,whoscored.com
,Bundesliga 2,01-Feb,Away win,,01-Mar,whoscored.com
,Bundesliga 2,01-Feb,Away win,,04-Mar,whoscored.com
,Bundesliga 2,01-Feb,Away win,,04-Mar,whoscored.com
,Bundesliga 2,01-Feb,Away win,,06-Apr,whoscored.com
,Bundesliga 2,01-Feb,Away win,,03-Jan,whoscored.com
,Bundesliga 2,01-Feb,Away win,,03-Feb,whoscored.com
,Bundesliga 2,01-Feb,Away win,,0-3,whoscored.com
,Bundesliga 2,01-Feb,Away win,,05-Jan,whoscored.com
,Bundesliga 2,01-Feb,Away win,,1-0,whoscored.com
,Bundesliga 2,01-Feb,Away win,,1-0,whoscored.com
,Bundesliga 2,01-Feb,Away win,,0-2,whoscored.com
,Bundesliga 2,01-Feb,Away win,,0-2,whoscored.com
,Bundesliga 2,01-Feb,Away win,,04-Jan,whoscored.com
,Bundesliga 2,01-Feb,Away win,,3-0,whoscored.com
,EPL,01-Mar,Away win,,0-8,whoscored.com
,EPL,01-Mar,Away win,,0-3,whoscored.com
,EPL,01-Mar,Away win,,2-0,whoscored.com
,EPL,01-Mar,Away win,,01-Feb,whoscored.com
,EPL,01-Mar,Away win,,01-Feb,whoscored.com
,EPL,01-Mar,Away win,,01-Feb,whoscored.com
,EPL,01-Mar,Away win,,1-0,whoscored.com
,EPL,01-Mar,Away win,,0-2,whoscored.com
,EPL,01-Mar,Away win,,01-Mar,whoscored.com
,EPL,01-Mar,Away win,,0-6,whoscored.com
,Serie A,01-Mar,Away win,,0-2,whoscored.com
,Serie A,01-Mar,Away win,,0-2,whoscored.com
,Serie A,01-Mar,Away win,,0-3,whoscored.com
,Serie A,01-Mar,Away win,,02-Mar,whoscored.com
,Serie A,01-Mar,Away win,,04-Feb,whoscored.com
,Portugal Primera,01-Mar,Away win,,0-1,whoscored.com
,Portugal Primera,01-Mar,Away win,,0-3,whoscored.com
,Portugal Primera,01-Mar,Away win,,02-May,whoscored.com
,Portugal Primera,01-Mar,Away win,,0-2,whoscored.com
,EPL,05-Feb,Home win,,03-Mar,whoscored.com
,Bundesliga,5-0,Home win,,0-1,whoscored.com
,EPL,04-Jan,Home win,,1-0,whoscored.com
,EPL,04-Feb,Home win,,03-Jan,whoscored.com
,LA LIGA,04-Mar,Home win,,2-0,whoscored.com
,EPL,4-0,Home win,,06-Jan,whoscored.com
,EPL,04-Jan,Home win,,2-0,whoscored.com
,LA LIGA,04-Feb,Home win,,03-Feb,whoscored.com
,EPL,03-Feb,Home win,,02-Feb,whoscored.com
,EPL,03-Feb,Home win,,01-Jan,whoscored.com
,LA LIGA,03-Feb,Home win,,1-0,whoscored.com
,LA LIGA,03-Feb,Home win,,3-0,whoscored.com
,LA LIGA,03-Feb,Home win,,2-0,whoscored.com
,LA LIGA,03-Feb,Home win,,01-Jan,whoscored.com
,LA LIGA,03-Feb,Home win,,01-Jan,whoscored.com
,LA LIGA,03-Feb,Home win,,4-0,whoscored.com
,Portugal Primera,03-Feb,Home win,,01-Feb,whoscored.com
,Portugal Primera,03-Feb,Home win,,02-Feb,whoscored.com
,Portugal Primera,03-Feb,Home win,,1-0,whoscored.com
,Portugal Primera,03-Feb,Home win,,01-Feb,whoscored.com
,Serie A,03-Jan,Home win,,4-0,whoscored.com
,Portugal Primera,03-Jan,Home win,,02-Jan,whoscored.com
,Portugal Primera,03-Jan,Home win,,01-Jan,whoscored.com
,Portugal Primera,03-Jan,Home win,,1-0,whoscored.com
,Portugal Primera,03-Jan,Home win,,04-Jan,whoscored.com
,Portugal Primera,03-Jan,Home win,,2-0,whoscored.com
,Portugal Primera,03-Jan,Home win,,03-Jan,whoscored.com
,Portugal Primera,03-Jan,Home win,,05-Jan,whoscored.com
,EPL,3-0,Home win,,02-Jan,whoscored.com
,EPL,3-0,Home win,,2-0,whoscored.com
,EPL,3-0,Home win,,2-0,whoscored.com
,EPL,3-0,Home win,,5-0,whoscored.com
,EPL,3-0,Home win,,03-Jan,whoscored.com
,EPL,3-0,Home win,,03-Jan,whoscored.com
,EPL,3-0,Home win,,01-Jan,whoscored.com
,EPL,3-0,Home win,,01-Jan,whoscored.com
,LA LIGA,3-0,Home win,,05-Mar,whoscored.com
,LA LIGA,3-0,Home win,,05-Feb,whoscored.com
,LA LIGA,3-0,Home win,,02-Jan,whoscored.com
,LA LIGA,3-0,Home win,,02-Jan,whoscored.com
,LA LIGA,3-0,Home win,,3-0,whoscored.com
,LA LIGA,3-0,Home win,,1-0,whoscored.com
,LA LIGA,3-0,Home win,,03-Mar,whoscored.com
,LA LIGA,02-Apr,Away win,,0-1,whoscored.com
,LA LIGA,02-Mar,Away win,,01-Feb,whoscored.com
,LA LIGA,02-Mar,Away win,,1-0,whoscored.com
,EPL,02-Mar,Away win,,03-Jan,whoscored.com
,EPL,02-Mar,Away win,,0-4,whoscored.com
,Portugal Primera,02-Mar,Away win,,1-0,whoscored.com
,Bundesliga,02-Feb,Draw,,01-Mar,whoscored.com
,EPL,2-0,Home win,,05-Jan,whoscored.com
,EPL,2-0,Home win,,2-0,whoscored.com
,EPL,2-0,Home win,,2-0,whoscored.com
,EPL,2-0,Home win,,3-0,whoscored.com
,EPL,2-0,Home win,,0-3,whoscored.com
,EPL,2-0,Home win,,03-Feb,whoscored.com
,EPL,2-0,Home win,,01-Mar,whoscored.com
,EPL,2-0,Home win,,04-Jan,whoscored.com
,LA LIGA,2-0,Home win,,1-0,whoscored.com
,LA LIGA,2-0,Home win,,1-0,whoscored.com
,LA LIGA,2-0,Home win,,01-Jan,whoscored.com
,LA LIGA,2-0,Home win,,01-Jan,whoscored.com
,LA LIGA,2-0,Home win,,2-0,whoscored.com
,LA LIGA,2-0,Home win,,2-0,whoscored.com
,LA LIGA,2-0,Home win,,3-0,whoscored.com
,LA LIGA,2-0,Home win,,03-Feb,whoscored.com
,LA LIGA,2-0,Home win,,4-0,whoscored.com
,LA LIGA,2-0,Home win,,4-0,whoscored.com
,LA LIGA,2-0,Home win,,5-0,whoscored.com
,LA LIGA,2-0,Home win,,5-0,whoscored.com
,LA LIGA,2-0,Home win,,02-Jan,whoscored.com
,LA LIGA,2-0,Home win,,03-Mar,whoscored.com
,LA LIGA,2-0,Home win,,0-1,whoscored.com
,Serie A,2-0,Home win,,0-1,whoscored.com
,Serie A,2-0,Home win,,02-Jan,whoscored.com
,Serie A,2-0,Home win,,02-Jan,whoscored.com
,Serie A,2-0,Home win,,1-0,whoscored.com
,Serie A,2-0,Home win,,1-0,whoscored.com
,Serie A,2-0,Home win,,2-0,whoscored.com
,Serie A,2-0,Home win,,2-0,whoscored.com
,Serie A,2-0,Home win,,03-Jan,whoscored.com
,Serie A,2-0,Home win,,03-Jan,whoscored.com
,Serie A,2-0,Home win,,01-Jan,whoscored.com
,Serie A,2-0,Home win,,3-0,whoscored.com
,Serie A,2-0,Home win,,3-0,whoscored.com
,Serie A,2-0,Home win,,5-0,whoscored.com
,Serie A,2-0,Home win,,04-Feb,whoscored.com
,Serie A,2-0,Home win,,4-0,whoscored.com
,Bundesliga,2-0,Home win,,05-Jan,whoscored.com
,Portugal Primera,2-0,Home win,,04-Jan,whoscored.com
,Portugal Primera,2-0,Home win,,2-0,whoscored.com
,Portugal Primera,2-0,Home win,,0-1,whoscored.com
,Portugal Primera,2-0,Home win,,03-Jan,whoscored.com
,Portugal Primera,2-0,Home win,,03-Jan,whoscored.com
,Portugal Primera,2-0,Home win,,01-Jan,whoscored.com
,Portugal Primera,2-0,Home win,,05-Feb,whoscored.com
,Portugal Primera,2-0,Home win,,3-0,whoscored.com
,Portugal Primera,2-0,Home win,,06-Jan,whoscored.com
,EPL,01-Apr,Away win,,02-Jan,whoscored.com
,LA LIGA,01-Apr,Away win,,0-2,whoscored.com
,LA LIGA,01-Apr,Away win,,01-Jan,whoscored.com
,LA LIGA,01-Apr,Away win,,0-1,whoscored.com
,LA LIGA,01-Apr,Away win,,1-0,whoscored.com
,EPL,u2.5,under 2.5,,02-Feb,sportytrader.com
,EPL,u2.5,under 2.5,,01-Mar,sportytrader.com
,EPL,1&GG,Home and both teams to score,,01-Mar,sportytrader.com
,EPL,1&GG,Home and both teams to score,,04-Jan,sportytrader.com
,EPL,1&GG,Home and both teams to score,,01-Jan,sportytrader.com
,EPL,1&GG,Home and both teams to score,,1-0,sportytrader.com
,EPL,1&GG,Home and both teams to score,,04-Feb,sportytrader.com
,EPL,1&GG,Home and both teams to score,,03-Jan,sportytrader.com
,EPL,1&GG,Home and both teams to score,,01-Jan,sportytrader.com
,EPL,1&GG,Home and both teams to score,,1-0,sportytrader.com
,EPL,1&GG,Home and both teams to score,,04-Feb,sportytrader.com
,EPL,1&GG,Home and both teams to score,,03-Jan,sportytrader.com
,EPL,1&GG,Home and both teams not to score,,04-Jan,sportytrader.com
,EPL,1&GG,Home and both teams not to score,,2-0,sportytrader.com
,EPL,1&2.5,Home and over 2.5,,03-Jan,sportytrader.com
,EPL,2&GG,Away and both teams to score,,0-6,sportytrader.com
,EPL,2&GG,Away and both teams to score,,01-Feb,sportytrader.com
,EPL,2&GG,Away and both teams to score,,0-1,sportytrader.com
,EPL,2&GG,Away and both teams to score,,02-Mar,sportytrader.com
,EPL,2,Away win,,02-Mar,sportytrader.com
,EPL,2,Away win,,01-Mar,sportytrader.com
,EPL,2,Away win,,0-5,sportytrader.com
,EPL,2,Away win,,03-Mar,sportytrader.com
,EPL,2,Away win,,0-2,sportytrader.com
,EPL,2,Away win,,02-Mar,sportytrader.com
,EPL,2,Away win,,01-Mar,sportytrader.com
,EPL,2,Away win,,0-5,sportytrader.com
,EPL,2,Away win,,03-Mar,sportytrader.com
,EPL,2,Away win,,0-2,sportytrader.com
,EPL,,Draw,,03-Jan,sportytrader.com
,EPL,,Draw,,01-Feb,sportytrader.com
,EPL,,Draw,,01-Jan,sportytrader.com
,EPL,,Draw,,01-Jan,sportytrader.com
,EPL,,Draw,,04-Feb,sportytrader.com
,EPL,1,Home win,,02-Feb,sportytrader.com
,EPL,1,Home win,,01-Jan,sportytrader.com
,EPL,1,Home win,,02-Jan,sportytrader.com
,EPL,1,Home win,,01-Jan,sportytrader.com
,EPL,1,Home win,,02-Feb,sportytrader.com
,EPL,1x,Home or draw,,03-Feb,sportytrader.com
,EPL,2.5,over 2.5,,01-Jan,sportytrader.com
,EPL,,,,04-Jan,sportytrader.com
,EPL,GG&2.5,both teams to score and over 2.5,,01-Mar,sportytrader.com
,EPL,GG&2.6,both teams to score and over 2.5,,01-Jan,sportytrader.com
,EPL,u2.5,under 2.5,,01-Jan,sportytrader.com
,Serie A,1.5,over 1.5,,02-Jan,sportytrader.com
,Serie A,1.5,over 1.5,,01-Jan,sportytrader.com
,Serie A,2.5,over 2.5,,1-0,sportytrader.com
,Serie A,1,Home win,,4-0,sportytrader.com
,Serie A,1,Home win,,05-Jan,sportytrader.com
,Serie A,1,Home win,,4-0,sportytrader.com
,Serie A,1,Home win,,0-0,sportytrader.com
,Serie A,1,Home win,,0-1,sportytrader.com
,Serie A,1,Home win,,3-0,sportytrader.com
,Serie A,1,Home win,,2-0,sportytrader.com
,Serie A,1,Home win,,01-Jan,sportytrader.com
,Serie A,1,Home win,,0-1,sportytrader.com
,Serie A,1,Home win,,01-Feb,sportytrader.com
,Serie A,1x,Home or draw,,01-Jan,sportytrader.com
,Serie A,,Home or draw,,0-0,sportytrader.com
,Serie A,2x,Away or draw,,02-Jan,sportytrader.com
,Serie A,2x,Away or draw,,01-Apr,sportytrader.com
,Serie A,2x,Away or draw,,01-Mar,sportytrader.com
,Serie A,GG,Both teams to score,,4-0,sportytrader.com
,Serie A,GG,Both teams to score,,01-Jan,sportytrader.com
,Serie A,GG,Both teams to score,,01-Jun,sportytrader.com
,Serie A,GG,Both teams to score,,01-Apr,sportytrader.com
,Serie A,GG,Both teams to score,,01-Jan,sportytrader.com
,Serie A,GG,Both teams to score,,02-Apr,sportytrader.com
,Serie A,GG,Both teams to score,,01-Jan,sportytrader.com
,Serie A,GG,Both teams to score,,0-1,sportytrader.com
,Serie A,GG,Both teams to score,,02-Jan,sportytrader.com
,Serie A,1&u2.5,Home and under 2.5,,0-2,sportytrader.com
,Serie A,2,Away win,,01-Mar,sportytrader.com
,Serie A,2,Away win,,0-3,sportytrader.com
,Serie A,2,Away win,,04-Feb,sportytrader.com
,Serie A,2,Away win,,01-Jan,sportytrader.com
,Serie A,2,Away win,,0-4,sportytrader.com
,Serie A,u2.5,under 2.5,,01-Jan,sportytrader.com
,Serie A,u2.5,under 2.5,,2-0,sportytrader.com
,Serie A,u2.5,under 2.5,,2-0,sportytrader.com
,Serie A,u2.5,under 2.5,,03-Feb,sportytrader.com
,Serie A,2&GG,Away and both teams to score,,02-Feb,sportytrader.com
,EPL,u2.5,under 2.5,,01-Mar,sportytrader.com
,EPL,1&NG,Home and both teams not to score,,04-Jan,sportytrader.com
,EPL,1&2.5,Home and over 2.5,,03-Jan,sportytrader.com
,EPL,2&GG,Away and both teams to score,,01-Feb,sportytrader.com
,Bundesliga,2.5,over 2.5,,3-0,sportytrader.com
,Bundesliga,2.5,over 2.5,,02-Feb,sportytrader.com
,Bundesliga,2.5,over 2.5,,2-0,sportytrader.com
,Bundesliga,2.5,over 2.5,,02-Jan,sportytrader.com
,Bundesliga,2.5,over 2.5,,0-6,sportytrader.com
,Bundesliga,2.5,over 2.5,,0-2,sportytrader.com
,Bundesliga,2.5,over 2.5,,02-Jan,sportytrader.com
,Bundesliga,u3.5,under 3.5,,5-0,sportytrader.com
,Bundesliga,u2.5,under 2.5,,05-Feb,sportytrader.com
,Bundesliga,GG,Both teams to score,,02-Feb,sportytrader.com
,Bundesliga,GG,Both teams to score,,01-Jan,sportytrader.com
,Bundesliga,GG,Both teams to score,,1-0,sportytrader.com
,Bundesliga,GG,Both teams to score,,0-1,sportytrader.com
,Bundesliga,GG,Both teams to score,,03-Mar,sportytrader.com
,Bundesliga,GG,Both teams to score,,01-Apr,sportytrader.com
,Bundesliga,GG,Both teams to score,,0-2,sportytrader.com
,Bundesliga,2,Away win,,01-Jan,sportytrader.com
,Bundesliga,2,Away win,,01-Feb,sportytrader.com
,Bundesliga,2,Away win,,03-Feb,sportytrader.com
,Bundesliga,2,Away win,,02-Jan,sportytrader.com
,Bundesliga,2,Away win,,02-Feb,sportytrader.com
,Bundesliga,1,Home win,,0-0,sportytrader.com
,Bundesliga,1,Home win,,01-Jan,sportytrader.com
,Bundesliga,1,Home win,,03-Jan,sportytrader.com
,Bundesliga,1,Home win,,01-Jan,sportytrader.com
,Bundesliga,1,Home win,,02-Mar,sportytrader.com
,Bundesliga,1x,Home or draw,,02-Mar,sportytrader.com
,Bundesliga,1DNB,Home DNB,,01-Feb,sportytrader.com
,Bundesliga,1&2.5,Home and over 2.5,,01-Jan,sportytrader.com
,Bundesliga,2x,Away or draw,,0-1,sportytrader.com
,Bundesliga,,Draw,,02-Feb,sportytrader.com
,Bundesliga,,Draw,,01-Jan,sportytrader.com
,Bundesliga,GG&2.5,both teams to score and over 2.5,,02-Jan,sportytrader.com
,Portugal Primera,2&2.5,Away and over 2.5,,0-2,sportytrader.com
,LA LIGA,u2.5,under 2.5,,01-Jan,sportytrader.com
,LA LIGA,u2.5,under 2.5,,02-Jan,sportytrader.com
,LA LIGA,u2.5,under 2.5,,01-Jan,sportytrader.com
,LA LIGA,u2.5,under 2.5,,2-0,sportytrader.com
,LA LIGA,u2.5,under 2.5,,01-Jan,sportytrader.com
,LA LIGA,u2.5,under 2.5,,01-Mar,sportytrader.com
,LA LIGA,u2.5,under 2.5,,02-Feb,sportytrader.com
,LA LIGA,u2.5,under 2.5,,03-Jan,sportytrader.com
,LA LIGA,u2.5,under 2.5,,03-Feb,sportytrader.com
,LA LIGA,2.5,over 2.5,,0-0,sportytrader.com
,LA LIGA,2.5,over 2.5,,4-0,sportytrader.com
,LA LIGA,2.5,over 2.5,,01-Feb,sportytrader.com
,LA LIGA,2.5,over 2.5,,01-Jan,sportytrader.com
,LA LIGA,NG,Both not to score,,0-1,sportytrader.com
,LA LIGA,2,Away win,,0-0,sportytrader.com
,LA LIGA,2,Away win,,02-Feb,sportytrader.com
,LA LIGA,2,Away win,,1-0,sportytrader.com
,LA LIGA,2,Away win,,1-0,sportytrader.com
,LA LIGA,2,Away win,,02-Feb,sportytrader.com
,LA LIGA,2.5,over 2.5,,3-0,sportytrader.com
,LA LIGA,GG,Both teams to score,,1-0,sportytrader.com
,LA LIGA,1.5,over 1.5,,0-0,sportytrader.com
,LA LIGA,u3.5,under 3.5,,03-Feb,sportytrader.com
,LA LIGA,1x,Home or draw,,01-Feb,sportytrader.com
,LA LIGA,1,Home win,,5-0,sportytrader.com
,LA LIGA,1,Home win,,03-Mar,sportytrader.com
,LA LIGA,1,Home win,,05-Jan,sportytrader.com
,LA LIGA,1,Home win,,02-Jan,sportytrader.com
,LA LIGA,2x,Away or draw,,1-0,sportytrader.com
,LA LIGA,2x,Away or draw,,0-0,sportytrader.com
,LA LIGA,GG&2.5,both teams to score and over 2.5,,2-0,sportytrader.com
,LA LIGA,GG,Both teams to score,,0-1,sportytrader.com
,LA LIGA,GG,Both teams to score,,01-Feb,sportytrader.com
,LA LIGA,GG,Both teams to score,,01-Jan,sportytrader.com
,LA LIGA,GG,Both teams to score,,03-Mar,sportytrader.com
,LA LIGA,GG,Both teams to score,,0-0,sportytrader.com
,LA LIGA,GG,Both teams to score,,4-0,sportytrader.com
,LA LIGA,GG,Both teams to score,,01-Jan,sportytrader.com
,LA LIGA,GG,Both teams to score,,1-0,sportytrader.com
,EPL,01-Mar,Away win,,0-5,soccersiite.com
,EPL,01-Mar,Away win,,01-Feb,soccersiite.com
,EPL,01-Mar,Away win,,0-1,soccersiite.com
,EPL,01-Mar,Away win,,04-Feb,soccersiite.com
,EPL,01-Mar,Away win,,01-Mar,soccersiite.com
,EPL,01-Mar,Away win,,02-Feb,soccersiite.com
,EPL,01-Mar,Away win,,0-1,soccersiite.com
,EPL,01-Mar,Away win,,02-Mar,soccersiite.com
,EPL,01-Mar,Away win,,0-2,soccersiite.com
,EPL,1-0,Home win,,01-Jan,soccersiite.com
,EPL,1-0,Home win,,3-0,soccersiite.com
,EPL,2-0,Home win,,1-0,soccersiite.com
,EPL,02-Jan,Home win,,01-Mar,soccersiite.com
,EPL,03-Jan,Home win,,04-Jan,soccersiite.com
,EPL,03-Jan,Home win,,04-Feb,soccersiite.com
,EPL,03-Jan,Home win,,01-Jan,soccersiite.com
,EPL,03-Jan,Home win,,01-Feb,soccersiite.com
,EPL,03-Jan,Home win,,04-Jan,soccersiite.com
,EPL,03-Jan,Home win,,1-0,soccersiite.com
,EPL,03-Jan,Home win,,3-0,soccersiite.com
,EPL,03-Jan,Home win,,03-Jan,soccersiite.com
,EPL,03-Jan,Home win,,03-Jan,soccersiite.com
,LA LIGA,0-0,Draw,,01-Feb,soccersiite.com
,LA LIGA,0-0,Draw,,03-Jan,soccersiite.com
,LA LIGA,0-1,Away win,,03-Jan,soccersiite.com
,LA LIGA,0-1,Away win,,02-Feb,soccersiite.com
,LA LIGA,0-1,Away win,,1-0,soccersiite.com
,LA LIGA,1-0,Home win,,0-0,soccersiite.com
,LA LIGA,1-0,Home win,,01-Mar,soccersiite.com
,LA LIGA,1-0,Home win,,01-Jan,soccersiite.com
,LA LIGA,1-0,Home win,,01-Feb,soccersiite.com
,LA LIGA,1-0,Home win,,03-Feb,soccersiite.com
,LA LIGA,1-0,Home win,,01-Jan,soccersiite.com
,LA LIGA,03-Jan,Home win,,03-Mar,soccersiite.com
,LA LIGA,03-Jan,Home win,,03-Feb,soccersiite.com
,LA LIGA,03-Jan,Home win,,4-0,soccersiite.com
,LA LIGA,03-Jan,Home win,,3-0,soccersiite.com
,LA LIGA,03-Jan,Home win,,05-Jan,soccersiite.com
,LA LIGA,03-Jan,Home win,,02-Jan,soccersiite.com
,LA LIGA,01-Feb,Home win,,01-Jan,soccersiite.com
,LA LIGA,01-Mar,Away win,,02-Feb,soccersiite.com
,LA LIGA,01-Mar,Away win,,0-0,soccersiite.com
,LA LIGA,2-0,Home win,,1-0,soccersiite.com
,LA LIGA,02-Jan,Home win,,01-Jan,soccersiite.com
,LA LIGA,02-Jan,Home win,,1-0,soccersiite.com
,Bundesliga,0-2,Away win,,0-2,soccersiite.com
,Bundesliga,1-0,Home win,,02-Feb,soccersiite.com
,Bundesliga,01-Feb,Away win,,0-6,soccersiite.com
,Bundesliga,01-Mar,Away win,,03-Feb,soccersiite.com
,Bundesliga,01-Mar,Away win,,05-Feb,soccersiite.com
,Bundesliga,01-Mar,Away win,,02-Feb,soccersiite.com
,Bundesliga,01-Mar,Away win,,01-Apr,soccersiite.com
,Bundesliga,01-Mar,Away win,,02-Mar,soccersiite.com
,Bundesliga,2-0,Home win,,01-Jan,soccersiite.com
,Bundesliga,02-Jan,Home win,,03-Mar,soccersiite.com
,Bundesliga,02-Jan,Home win,,01-Jan,soccersiite.com
,Bundesliga,02-Jan,Home win,,02-Feb,soccersiite.com
,Bundesliga,02-Jan,Home win,,02-Jan,soccersiite.com
,Bundesliga,02-Jan,Home win,,01-Feb,soccersiite.com
,Bundesliga,03-Jan,Home win,,02-Jan,soccersiite.com
,Bundesliga,03-Jan,Home win,,02-Mar,soccersiite.com
,Bundesliga,03-Jan,Home win,,01-Jan,soccersiite.com
,Bundesliga,03-Jan,Home win,,02-Jan,soccersiite.com
,Serie A,0-0,Draw,,01-Feb,soccersiite.com
,Serie A,0-0,Draw,,01-Jan,soccersiite.com
,Serie A,0-0,Draw,,0-2,soccersiite.com
,Serie A,0-0,Draw,,02-Jan,soccersiite.com
,Serie A,0-1,Away win,,0-1,soccersiite.com
,Serie A,1-0,Home win,,2-0,soccersiite.com
,Serie A,1-0,Home win,,03-Feb,soccersiite.com
,Serie A,1-0,Home win,,0-1,soccersiite.com
,Serie A,1-0,Home win,,01-Feb,soccersiite.com
,Serie A,01-Feb,Away win,,01-Jan,soccersiite.com
,Serie A,01-Mar,Away win,,0-3,soccersiite.com
,Serie A,01-Mar,Away win,,01-Jan,soccersiite.com
,Serie A,01-Mar,Away win,,01-Jun,soccersiite.com
,Serie A,01-Feb,Away win,,04-Feb,soccersiite.com
,Serie A,01-Feb,Away win,,02-Mar,soccersiite.com
,Serie A,01-Feb,Away win,,0-2,soccersiite.com
,Serie A,2-0,Home win,,,soccersiite.com
,Serie A,2-0,Home win,,2-0,soccersiite.com
,Serie A,2-0,Home win,,03-Feb,soccersiite.com
,Serie A,2-0,Home win,,4-0,soccersiite.com
,Serie A,2-0,Home win,,01-Jan,soccersiite.com
,Serie A,2-0,Home win,,4-0,soccersiite.com
,Portugal Primera,0-0,Draw,,1-0,soccersiite.com
,Portugal Primera,0-0,Draw,,0-1,soccersiite.com
,Portugal Primera,0-0,Draw,,03-Mar,soccersiite.com
,Portugal Primera,0-0,Draw,,0-4,soccersiite.com
,Portugal Primera,0-0,Draw,,0-0,soccersiite.com
,Portugal Primera,0-1,Away win,,02-Jan,soccersiite.com
,Portugal Primera,0-1,Away win,,01-May,soccersiite.com
,Portugal Primera,0-1,Away win,,0-2,soccersiite.com
,Portugal Primera,0-1,Away win,,01-Jan,soccersiite.com
,Portugal Primera,0-1,Away win,,03-Mar,soccersiite.com
,Portugal Primera,1-0,Home win,,03-Feb,soccersiite.com
,Portugal Primera,1-0,Home win,,01-Jan,soccersiite.com
,Portugal Primera,1-0,Home win,,0-0,soccersiite.com
,Portugal Primera,1-0,Home win,,0-0,soccersiite.com
,Portugal Primera,01-Feb,Away win,,01-Apr,soccersiite.com
,Portugal Primera,01-Feb,Away win,,01-Mar,soccersiite.com
,Portugal Primera,02-Jan,Home win,,01-Mar,soccersiite.com
,Portugal Primera,02-Jan,Home win,,0-0,soccersiite.com
,Portugal Primera,02-Jan,Home win,,0-0,soccersiite.com
,Portugal Primera,02-Jan,Home win,,5-0,soccersiite.com
,Portugal Primera,2-0,Home win,,06-Jan,soccersiite.com
,Portugal Primera,2-0,Home win,,0-2,soccersiite.com
,Portugal Primera,2-0,Home win,,4-0,soccersiite.com
,Portugal Primera,2-0,Home win,,03-Feb,soccersiite.com
,Portugal Primera,03-Jan,Home win,,02-Jan,soccersiite.com
,Portugal Primera,03-Jan,Home win,,3-0,soccersiite.com
,EPL,0-0,Draw,,01-Mar,preditz.com
,EPL,0-1,Away win,,02-Feb,preditz.com
,EPL,0-1,Away win,,0-2,preditz.com
,EPL,0-2,Away win,,0-6,preditz.com
,EPL,0-2,Away win,,0-5,preditz.com
,EPL,0-2,Away win,,0-1,preditz.com
,EPL,0-2,Away win,,0-1,preditz.com
,EPL,0-3,Away win,,01-Mar,preditz.com
,EPL,0-4,Away win,,01-Mar,preditz.com
,EPL,1-0,Home win,,,preditz.com
,EPL,1-0,Home win,,01-Mar,preditz.com
,EPL,1-0,Home win,,0-2,preditz.com
,EPL,1-0,Home win,,1-0,preditz.com
,EPL,01-Jan,Draw,,02-Feb,preditz.com
,EPL,01-Jan,Draw,,3-0,preditz.com
,EPL,01-Jan,Draw,,3-0,preditz.com
,EPL,01-Jan,Draw,,04-Feb,preditz.com
,EPL,2-0,Home win,,04-Feb,preditz.com
,EPL,2-0,Home win,,01-Jan,preditz.com
,EPL,02-Jan,Home win,,01-Feb,preditz.com
,EPL,02-Jan,Home win,,01-Feb,preditz.com
,EPL,02-Jan,Home win,,03-Jan,preditz.com
,EPL,02-Feb,Draw,,01-Mar,preditz.com
,EPL,02-Feb,Draw,,02-Mar,preditz.com
,EPL,02-Feb,Draw,,01-Mar,preditz.com
,EPL,02-Feb,Draw,,01-Feb,preditz.com
,EPL,02-Feb,Draw,,01-Feb,preditz.com
,EPL,02-Feb,Draw,,02-Mar,preditz.com
,EPL,3-0,Home win,,04-Jan,preditz.com
,EPL,3-0,Home win,,03-Jan,preditz.com
,EPL,3-0,Home win,,2-0,preditz.com
,EPL,3-0,Home win,,03-Jan,preditz.com
,EPL,03-Jan,Home win,,02-Jan,preditz.com
,EPL,03-Feb,Home win,,01-Feb,preditz.com
,EPL,03-Feb,Home win,,01-Jan,preditz.com
,EPL,03-Feb,Home win,,04-Jan,preditz.com
,League One,0-1,Away win,,01-Mar,preditz.com
,League One,0-1,Away win,,0-2,preditz.com
,League One,01-Jan,Away win,,0-0,preditz.com
,League One,01-Jan,Away win,,0-0,preditz.com
,League One,01-Jan,Away win,,01-Jan,preditz.com
,League One,01-Jan,Away win,,01-Jan,preditz.com
,League One,01-Jan,Away win,,02-Jan,preditz.com
,League One,2-0,Home win,,02-Jan,preditz.com
,League One,,Home win,,02-Jan,preditz.com
,League One,02-Feb,Draw,,01-Jan,preditz.com
,League One,02-Feb,Draw,,02-Feb,preditz.com
,League One,3-0,Home win,,03-Feb,preditz.com
,League One,,Home win,,01-Jan,preditz.com
,League One,03-Feb,Home win,,04-Jan,preditz.com
,LA LIGA,0-0,Draw,,01-Mar,preditz.com
,LA LIGA,0-0,Draw,,01-Jan,preditz.com
,LA LIGA,0-1,Away win,,01-Jan,preditz.com
,LA LIGA,0-1,Away win,,02-Jan,preditz.com
,LA LIGA,0-1,Away win,,02-Feb,preditz.com
,LA LIGA,0-1,Away win,,03-Feb,preditz.com
,LA LIGA,0-2,Away win,,1-0,preditz.com
,LA LIGA,0-2,Away win,,1-0,preditz.com
,LA LIGA,0-3,Away win,,01-Feb,preditz.com
,LA LIGA,1-0,Home win,,0-1,preditz.com
,LA LIGA,1-0,Home win,,2-0,preditz.com
,LA LIGA,1-0,Home win,,01-Mar,preditz.com
,LA LIGA,1-0,Home win,,01-Jan,preditz.com
,LA LIGA,1-0,Home win,,1-0,preditz.com
,LA LIGA,1-0,Home win,,01-Jan,preditz.com
,LA LIGA,1-0,Home win,,05-Jan,preditz.com
,LA LIGA,01-Jan,Draw,,01-Feb,preditz.com
,LA LIGA,01-Jan,Draw,,03-Feb,preditz.com
,LA LIGA,01-Jan,Draw,,03-Jan,preditz.com
,LA LIGA,01-Jan,Draw,,03-Mar,preditz.com
,LA LIGA,2-0,Home win,,2-0,preditz.com
,LA LIGA,,Home win,,0-0,preditz.com
,LA LIGA,,Home win,,01-Jan,preditz.com
,LA LIGA,02-Jan,Home win,,02-Jan,preditz.com
,LA LIGA,02-Feb,Draw,,,preditz.com
,LA LIGA,02-Feb,Draw,,4-0,preditz.com
,LA LIGA,02-Feb,Draw,,01-Jan,preditz.com
,LA LIGA,02-Feb,Draw,,0-0,preditz.com
,LA LIGA,02-Feb,Draw,,02-Feb,preditz.com
,LA LIGA,02-Feb,Draw,,0-0,preditz.com
,LA LIGA,03-Mar,Draw,,4-0,preditz.com
,LA LIGA,03-Jan,Home win,,5-0,preditz.com
,LA LIGA,03-Jan,Home win,,1-0,preditz.com
,LA LIGA,3-0,Home win,,3-0,preditz.com
,LA LIGA,3-0,Home win,,02-Jan,preditz.com
,Serie A,0-0,Draw,,02-Mar,preditz.com
,Serie A,0-0,Draw,,2-0,preditz.com
,Serie A,0-1,Away win,,01-Mar,preditz.com
,Serie A,0-1,Away win,,02-Feb,preditz.com
,Serie A,0-1,Away win,,0-3,preditz.com
,Serie A,0-1,Away win,,0-2,preditz.com
,Serie A,0-1,Away win,,01-Jan,preditz.com
,Serie A,0-1,Away win,,01-Jun,preditz.com
,Serie A,0-3,Away win,,04-Feb,preditz.com
,Serie A,0-3,Away win,,0-4,preditz.com
,Serie A,1-0,Home win,,04-Jan,preditz.com
,Serie A,1-0,Home win,,2-0,preditz.com
,Serie A,1-0,Home win,,"1-1,",preditz.com
,Serie A,1-0,Home win,,"1-1,",preditz.com
,Serie A,1-0,Home win,,0-1,preditz.com
,Serie A,01-Jan,Draw,,0-0,preditz.com
,Serie A,01-Jan,Draw,,01-Apr,preditz.com
,Serie A,01-Jan,Draw,,02-Jan,preditz.com
,Serie A,01-Jan,Draw,,01-Jan,preditz.com
,Serie A,2-0,Home win,,4-0,preditz.com
,Serie A,2-0,Home win,,05-Jan,preditz.com
,Serie A,2-0,Home win,,4-0,preditz.com
,Serie A,02-Jan,Home win,,"0-1,",preditz.com
,Serie A,02-Jan,Home win,,0-2,preditz.com
,Serie A,02-Jan,Home win,,0-0,preditz.com
,Serie A,01-Feb,,60,02-Apr,preditz.com
,Serie A,01-Feb,,60,01-Jan,preditz.com
,Serie A,01-Feb,,,0-1,preditz.com
,Serie A,01-Feb,,,01-Apr,preditz.com
,Serie A,3-0,Home win,,1-0,preditz.com
,Serie A,3-0,Home win,,3-0,preditz.com
,Serie A,3-0,Home win,,2-0,preditz.com
,Serie A,3-0,Home win,,03-Feb,preditz.com
,Serie A,03-Jan,Home win,,4-0,preditz.com
,Serie A,03-Feb,Home win,,02-Jan,preditz.com
,Bundesliga,0-0,Draw,,1-0,preditz.com
,Bundesliga,0-0,Draw,,01-Jan,preditz.com
,Bundesliga,0-0,Draw,,01-Jan,preditz.com
,Bundesliga,0-1,Away win,,0-1,preditz.com
,Bundesliga,0-1,Away win,,02-Feb,preditz.com
,Bundesliga,0-1,Away win,,0-6,preditz.com
,Bundesliga,0-2,Away win,,01-Jan,preditz.com
,Bundesliga,0-2,Away win,,0-2,preditz.com
,Bundesliga,0-2,Away win,,02-Mar,preditz.com
,Bundesliga,0-3,Away win,,,preditz.com
,Bundesliga,0-3,Away win,,01-Feb,preditz.com
,Bundesliga,0-3,Away win,,03-Feb,preditz.com
,Bundesliga,0-3,Away win,,0-2,preditz.com
,Bundesliga,1-0,Home win,,05-Feb,preditz.com
,Bundesliga,1-0,Home win,,01-Jan,preditz.com
,Bundesliga,1-0,Home win,,01-Feb,preditz.com
,Bundesliga,01-Jan,Draw,,,preditz.com
,Bundesliga,01-Jan,Draw,,01-Mar,preditz.com
,Bundesliga,01-Jan,Draw,,02-Jan,preditz.com
,Bundesliga,01-Jan,Draw,,02-Jan,preditz.com
,Bundesliga,01-Feb,Away win,,01-Feb,preditz.com
,Bundesliga,2-0,Home win,,01-Jan,preditz.com
,Bundesliga,2-0,Home win,,01-Jan,preditz.com
,Bundesliga,2-0,Home win,,0-1,preditz.com
,Bundesliga,2-0,Home win,,2-0,preditz.com
,Bundesliga,2-0,Home win,,02-Jan,preditz.com
,Bundesliga,2-0,Home win,,02-Feb,preditz.com
,Bundesliga,02-Feb,Draw,,02-Feb,preditz.com
,Bundesliga,02-Feb,Draw,,01-Apr,preditz.com
,Bundesliga,3-0,Home win,,03-Jan,preditz.com
,Bundesliga,3-0,Home win,,01-Jan,preditz.com
,Bundesliga,03-Jan,Home win,,02-Mar,preditz.com
,Bundesliga,03-Feb,Home win,,3-0,preditz.com
,Bundesliga,03-Feb,Home win,,02-Jan,preditz.com
,Portugal Primera,0-0,Draw,,01-Jan,preditz.com
,Portugal Primera,0-0,Draw,,02-Jan,preditz.com
,Portugal Primera,0-0,Draw,,01-Mar,preditz.com
,Portugal Primera,0-0,Draw,,0-0,preditz.com
,Portugal Primera,0-1,Away win,,0-0,preditz.com
,Portugal Primera,0-1,Away win,,02-Jan,preditz.com
,Portugal Primera,0-1,Away win,,02-Jan,preditz.com
,Portugal Primera,0-1,Away win,,01-Jan,preditz.com
,Portugal Primera,0-1,Away win,,0-4,preditz.com
,Portugal Primera,0-1,Away win,,01-May,preditz.com
,Portugal Primera,0-2,Away win,,1-0,preditz.com
,Portugal Primera,0-2,Away win,,03-Mar,preditz.com
,Portugal Primera,0-2,Away win,,01-Jan,preditz.com
,Portugal Primera,0-3,Away win,,03-Mar,preditz.com
,Portugal Primera,1-0,Home win,,1-0,preditz.com
,Portugal Primera,1-0,Home win,,1-0,preditz.com
,Portugal Primera,1-0,Home win,,01-Mar,preditz.com
,Portugal Primera,1-0,Home win,,02-Jan,preditz.com
,Portugal Primera,1-0,Home win,,3-0,preditz.com
,Portugal Primera,1-0,Home win,,0-0,preditz.com
,Portugal Primera,1-0,Home win,,0-0,preditz.com
,Portugal Primera,2-0,Home win,,2-0,preditz.com
,Portugal Primera,2-0,Home win,,06-Jan,preditz.com
,Portugal Primera,2-0,Home win,,03-Feb,preditz.com
,Portugal Primera,2-0,Home win,,4-0,preditz.com
,Portugal Primera,02-Feb,Draw,,,preditz.com
,Portugal Primera,,Draw,,02-Feb,preditz.com
,Portugal Primera,,Draw,,03-Feb,preditz.com
,Portugal Primera,,Draw,,01-Jan,preditz.com
,Portugal Primera,03-Jan,Home win,,04-Jan,preditz.com
,Portugal Primera,3-0,Home win,,01-Mar,preditz.com
,EPL,2,Away win,,01-Jan,mightutips.com
,EPL,2,Away win,,01-Jan,mightutips.com
,EPL,2,Away win,,02-Jan,mightutips.com
,EPL,2.5,over 2.5,,1-0,mightutips.com
,EPL,2.5,over 2.5,,3-0,mightutips.com
,EPL,2.5,over 2.5,,01-Mar,mightutips.com
,EPL,2.5,over 2.5,,01-Feb,mightutips.com
,EPL,2.5,over 2.5,,04-Feb,mightutips.com
,EPL,GG,Both teams to score,,01-Mar,mightutips.com
,EPL,GG,Both teams to score,,03-Jan,mightutips.com
,EPL,GG,Both teams to score,,0-1,mightutips.com
,EPL,GG,Both teams to score,,02-Mar,mightutips.com
,EPL,1&GG,Home and both teams to score,,01-Jan,mightutips.com
,EPL,1&1.5,Home and over 1.5,,04-Jan,mightutips.com
,EPL,1,Home win,,01-Jan,mightutips.com
,EPL,1,Home win,,01-Jan,mightutips.com
,EPL,1,Home win,,02-Mar,mightutips.com
,EPL,2x,Away win,,01-Mar,mightutips.com
,EPL,1&1.5,Home and over 1.5,,2-0,mightutips.com
,EPL,1&1.5,Home and over 1.5,,04-Jan,mightutips.com
,EPL,1&1.5,Home and over 1.5,,03-Jan,mightutips.com
,EPL,3.5,Over 3.5 goals,,02-Jan,mightutips.com
,EPL,3.5,Over 3.5 goals,,01-Feb,mightutips.com
,EPL,2&1.5,Away and over 1.5 goals,,0-1,mightutips.com
,Serie A,2.5,over 2.5,,1-0,mightutips.com
,Serie A,2.5,over 2.5,,4-0,mightutips.com
,Serie A,2.5,over 2.5,,01-Feb,mightutips.com
,Serie A,2.5,over 2.5,,01-Jan,mightutips.com
,Serie A,2.5,over 2.5,,01-Jan,mightutips.com
,Serie A,2.5,over 2.5,,1-0,mightutips.com
,Serie A,1,Home win,,4-0,mightutips.com
,Serie A,1,Home win,,1-0,mightutips.com
,Serie A,1,Home win,,04-Jan,mightutips.com
,Serie A,1,Home win,,2-0,mightutips.com
,Serie A,1,Home win,,2-0,mightutips.com
,Serie A,1,Home win,,03-Feb,mightutips.com
,Serie A,2x,Away or draw,,02-Jan,mightutips.com
,Serie A,GG,Both teams to score,,01-Jan,mightutips.com
,Serie A,GG,Both teams to score,,02-Mar,mightutips.com
,Serie A,GG,Both teams to score,,01-Apr,mightutips.com
,Serie A,1&u2.5,Home and under 2.5,,02-Jan,mightutips.com
,Serie A,1x,Home or draw,,01-Apr,mightutips.com
,Serie A,1x,Home or draw,,2-0,mightutips.com
,Serie A,1x,Home or draw,,01-Jan,mightutips.com
,Serie A,3.5,Over 3.5 goals,,3-0,mightutips.com
,Serie A,u2.5,under 2.5,,02-Feb,mightutips.com
,Serie A,u2.5,under 2.5,,0-2,mightutips.com
,Serie A,u2.5,under 2.5,,01-Feb,mightutips.com
,Serie A,2&1.5,Away and over 1.5 goals,,0-4,mightutips.com
,Serie A,"2ovr0,5",Away team to score at least a goal,,0-2,mightutips.com
,Serie A,1&AH-1,Home to win with over 2 goals,,0-4,mightutips.com
,Serie A,1&u3.5,Home and under 3.5 goals,,0-1,mightutips.com
,Serie A,GG,Both teams to score,,01-Mar,mightutips.com
,Serie A,GG,Both teams to score,,02-Jan,mightutips.com
,Serie A,GG/2.5,"both teams or over 2,5 goals",,0-1,mightutips.com
,Portugal Primera,u2.5,under 2.5,,5-0,mightutips.com
,Portugal Primera,u2.5,under 2.5,,0-0,mightutips.com
,Portugal Primera,u2.5,under 2.5,,02-Jan,mightutips.com
,Portugal Primera,u2.5,under 2.5,,01-May,mightutips.com
,Portugal Primera,2.5,over 2.5,,03-Feb,mightutips.com
,Portugal Primera,2&1.5,Away and over 1.5 goals,,0-2,mightutips.com
,Portugal Primera,GG,Both teams to score,,0-4,mightutips.com
,Bundesliga,1&GG ,Home and both teams to score,,3-0,mightutips.com
,Bundesliga,GG&2.5,both teams to score and over 2.5,,02-Jan,mightutips.com
,Bundesliga,1x,Home or draw,,3-0,mightutips.com
,Bundesliga,1x,Home or draw,,03-Feb,mightutips.com
,Bundesliga,1,Home win,,01-Jan,mightutips.com
,Bundesliga,1,Home win,,,mightutips.com
,Bundesliga,1&1.5,Home and over 1.5,,02-Mar,mightutips.com
,Bundesliga,u2.5,under 2.5,,0-1,mightutips.com
,Bundesliga,u3.5,under 3.5,,02-Jan,mightutips.com
,Bundesliga,GG/2.5,both teams to score and over 2.5,,02-Jan,mightutips.com
,Bundesliga,2ov1.5,Away over 1.5 goals,,0-2,mightutips.com
,Bundesliga,2&1.5,Away and over 1.5 goals,,02-Feb,mightutips.com
,Bundesliga,u2.5,under 2.5,,0-2,mightutips.com
,Bundesliga,2.5,over 2.5,,2-0,mightutips.com
,Bundesliga,GG,Both teams to score,,02-Feb,mightutips.com
,Bundesliga,GG,Both teams to score,,01-Jan,mightutips.com
,Bundesliga,GG,Both teams to score,,03-Feb,mightutips.com
,Bundesliga,GG,Both teams to score,,03-Mar,mightutips.com
,Bundesliga,GG,Both teams to score,,02-Feb,mightutips.com
,Bundesliga,GG,Both teams to score,,01-Feb,mightutips.com
,Bundesliga,GG,Both teams to score,,02-Jan,mightutips.com
,LA LIGA,1,Home win,,,mightutips.com
,LA LIGA,1,Home win,,01-Jan,mightutips.com
,LA LIGA,1,Home win,,3-0,mightutips.com
,LA LIGA,1,Home win,,1-0,mightutips.com
,LA LIGA,1,Home win,,03-Feb,mightutips.com
,LA LIGA,1x,Home or draw,,01-Jan,mightutips.com
,LA LIGA,GG,Both teams to score,,01-Jan,mightutips.com
,LA LIGA,GG,Both teams to score,,01-Feb,mightutips.com
,LA LIGA,GG,Both teams to score,,1-0,mightutips.com
,LA LIGA,GG,Both teams to score,,02-Feb,mightutips.com
,LA LIGA,2,Away win,,0-0,mightutips.com
,LA LIGA,2.5,over 2.5,,0-0,mightutips.com
,LA LIGA,u2.5,under 2.5,,0-3,mightutips.com
,LA LIGA,u2.5,under 2.5,,0-2,mightutips.com
,LA LIGA,u2.5,under 2.5,,02-Jan,mightutips.com
,LA LIGA,u2.5,under 2.5,,1-0,mightutips.com
,LA LIGA,u2.5,under 2.5,,0-0,mightutips.com
,LA LIGA,u2.5,under 2.5,,03-Feb,mightutips.com
,LA LIGA,u2.5,under 2.5,,01-Mar,mightutips.com
,LA LIGA,,Draw,,01-Jan,mightutips.com
,LA LIGA,u3.5,under 3.5,,04-Jan,mightutips.com
,LA LIGA,u3.5,under 3.5,,1-0,mightutips.com
,LA LIGA,u3.5,under 3.5,,4-0,mightutips.com
,EPL,2.5,over 2.5,,0-5,leaguelane.com
,EPL,2.5,over 2.5,,01-Jan,leaguelane.com
,EPL,2,Away win,,,leaguelane.com
,EPL,2,Away win,,0-5,leaguelane.com
,EPL,2,Away win,,2-0,leaguelane.com
,EPL,2,Away win,,04-Feb,leaguelane.com
,EPL,2,Away win,,0-2,leaguelane.com
,EPL,2&2.5,Away and over 2.5,,01-Feb,leaguelane.com
,EPL,1&GG,Home and both teams to score,,1-0,leaguelane.com
,EPL,,home and both teams to score,,04-Jan,leaguelane.com
,EPL,1&1.5,Home and over 1.5,,01-Mar,leaguelane.com
,EPL,1&1.5,Home and over 1.5,,01-Jan,leaguelane.com
,EPL,1&1.5,Home and over 1.5,,01-Jan,leaguelane.com
,EPL,1&2.5,Home and over 2.5,,02-Jan,leaguelane.com
,EPL,2&GG,Away and both teams to score,,01-Mar,leaguelane.com
,EPL,1,Home win,,01-Feb,leaguelane.com
,EPL,1,Home win,,01-Feb,leaguelane.com
,EPL,1,Home win,,02-Feb,leaguelane.com
,EPL,1,Home win,,3-0,leaguelane.com
,EPL,1,Home win,,1-0,leaguelane.com
,Serie A,2.5,over 2.5,,4-0,leaguelane.com
,Serie A,1,Home win,,,leaguelane.com
,Serie A,1,Home win,,4-0,leaguelane.com
,Serie A,1,Home win,,2-0,leaguelane.com
,Serie A,1,Home win,,03-Feb,leaguelane.com
,Serie A,1,Home win,,4-0,leaguelane.com
,Serie A,1,Home win,,1-0,leaguelane.com
,Serie A,1,Home win,,0-1,leaguelane.com
,Serie A,1,Home win,,01-Jan,leaguelane.com
,Serie A,1,Home win,,01-Feb,leaguelane.com
,Serie A,1,Home win,,02-Jan,leaguelane.com
,Serie A,1&1.5,Home and over 1.5,,03-Feb,leaguelane.com
,Serie A,1x,Home or draw,,01-Jan,leaguelane.com
,Serie A,1x,Home or draw,,01-Jan,leaguelane.com
,Serie A,2,Away win,,0-3,leaguelane.com
,Serie A,2,Away win,,0-2,leaguelane.com
,Serie A,2,Away win,,0-4,leaguelane.com
,Serie A,2,Away win,,01-Jun,leaguelane.com
,Serie A,2,Away win,,0-1,leaguelane.com
,Serie A,2x,Away or draw,,,leaguelane.com
,Serie A,2x,Away or draw,,02-Mar,leaguelane.com
,Serie A,2x,Away or draw,,2-0,leaguelane.com
,Serie A,2x,Away or draw,,02-Jan,leaguelane.com
,Serie A,u2.5,under 2.5,,04-Feb,leaguelane.com
,Serie A,GG,Both teams to score,,01-Jan,leaguelane.com
,Serie A,GG,Both teams to score,,01-Jan,leaguelane.com
,LA LIGA,u2.5,under 2.5,,0-3,leaguelane.com
,LA LIGA,u2.5,under 2.5,,02-Jan,leaguelane.com
,LA LIGA,u2.5,under 2.5,,03-Jan,leaguelane.com
,LA LIGA,,Draw,,0-3,leaguelane.com
,LA LIGA,2,Away win,,0-0,leaguelane.com
,LA LIGA,2,Away win,,0-0,leaguelane.com
,LA LIGA,2,Away win,,01-Feb,leaguelane.com
,LA LIGA,2,Away win,,01-Feb,leaguelane.com
,LA LIGA,2,Away win,,02-Feb,leaguelane.com
,LA LIGA,2,Away win,,1-0,leaguelane.com
,LA LIGA,1,Home win,,,leaguelane.com
,LA LIGA,1,Home win,,01-Jan,leaguelane.com
,LA LIGA,1,Home win,,0-0,leaguelane.com
,LA LIGA,1,Home win,,2-0,leaguelane.com
,LA LIGA,1,Home win,,01-Jan,leaguelane.com
,LA LIGA,1,Home win,,03-Feb,leaguelane.com
,LA LIGA,1,Home win,,01-Mar,leaguelane.com
,LA LIGA,1,Home win,,01-Jan,leaguelane.com
,LA LIGA,1,Home win,,3-0,leaguelane.com
,LA LIGA,1,Home win,,05-Jan,leaguelane.com
,LA LIGA,1&1.5,Home and over 1.5,,1-0,leaguelane.com
,LA LIGA,1&GG,Home and both teams to score,,5-0,leaguelane.com
,LA LIGA,1&GG,Home and both teams to score,,3-0,leaguelane.com
,LA LIGA,1&1.5,Home and over 1.5,,3-0,leaguelane.com
,Bundesliga,1,Home win,,03-Mar,leaguelane.com
,Bundesliga,1,Home win,,05-Feb,leaguelane.com
,Bundesliga,1,Home win,,01-Jan,leaguelane.com
,Bundesliga,1,Home win,,02-Feb,leaguelane.com
,Bundesliga,1x,Home win or draw,,01-Feb,leaguelane.com
,Bundesliga,2,Away win,,,leaguelane.com
,Bundesliga,2,Away win,,01-Jan,leaguelane.com
,Bundesliga,2,Away win,,02-Feb,leaguelane.com
,Bundesliga,2,Away win,,0-2,leaguelane.com
,Bundesliga,1&1.5,Home and over 1.5,,01-Jan,leaguelane.com
,Bundesliga,1&2.5,Home and over 2.5,,02-Jan,leaguelane.com
,Bundesliga,1&GG,Home and both teams to score,,2-0,leaguelane.com
,Bundesliga,1&GG,Home and both teams to score,,02-Jan,leaguelane.com
,Bundesliga,1&GG,Home and both teams to score,,02-Mar,leaguelane.com
,Bundesliga,1&NG,Home and both teams not to score,,02-Jan,leaguelane.com
,Bundesliga,GG&2.5,both teams to score and over 2.5,,02-Jan,leaguelane.com
,Bundesliga,u2.5,under 2.5,,02-Feb,leaguelane.com
,Portugal Primera,1,Home win,,1-0,leaguelane.com
,Portugal Primera,1,Home win,,03-Feb,leaguelane.com
,Portugal Primera,1,Home win,,5-0,leaguelane.com
,Portugal Primera,1&GG,Home and both teams to score,,4-0,leaguelane.com
,Portugal Primera,1&2.5,Home and over 2.5,,03-Feb,leaguelane.com
,Portugal Primera,u2.5,under 2.5,,0-0,leaguelane.com
,Portugal Primera,2,Away win,,03-Feb,leaguelane.com
,Portugal Primera,2,Away win,,0-4,leaguelane.com
,Portugal Primera,2,Away win,,01-May,leaguelane.com
,Portugal Primera,2,Away win,,0-0,leaguelane.com
,Portugal Primera,2&NG,Away and both teams not to score,,0-2,leaguelane.com
,Portugal Primera,2&NG,Away and both teams not to score,,0-3,leaguelane.com
,Portugal Primera,2&2.5,Away and over 2.5,,01-Jan,leaguelane.com
,Portugal Primera,,Draw,,01-Mar,leaguelane.com
,Portugal Primera,GG&2.5,Both teams to score and over 2.5,,01-Jan,leaguelane.com
,Algeria League 1,1,Home win,60,01-Jan,safertip.com
,Algeria League 1,1,Home win,,02-Jan,safertip.com
,Algeria League 1,1,Home win,,,safertip.com
,Algeria League 1,1,Home win,65,03-Feb,safertip.com
,Algeria League 1,1,Home win,,03-Jan,safertip.com
,Algeria League 1,1x,Home or draw,65,2-0,safertip.com
,Algeria League 1,1x,Home or draw,,02-Jan,safertip.com
,Algeria League 1,1x,Home or draw,70,01-Feb,safertip.com
,Algeria League 1,1x,Home or draw,,02-Jan,safertip.com
,Algeria League 1,1x,Home or draw,,2-0,safertip.com
,Algeria League 1,1x,Home or draw,75,02-Jan,safertip.com
,Algeria League 1,1x,Home or draw,50,1-0,safertip.com
,Algeria League 1,1&1.5,Home and over 1.5,70,2-0,safertip.com
,Algeria League 1,12,home or away,65,0-2,safertip.com
,Algeria League 1,12,home or away,70,03-Jan,safertip.com
,Algeria League 1,12,home or away,,1-0,safertip.com
,Algeria League 1,2x,Away or draw,70,01-Feb,safertip.com
,Algeria League 1,2x,Away or draw,65,2-0,safertip.com
,Algeria League 1,1.5,over 1.5,65,02-Jan,safertip.com
,Algeria League 1,u2.5,under 2.5,60,0-0,safertip.com
,Algeria League 1,2x,Away or draw,60,01-Jan,safertip.com
,Algeria League 1,2x,Away or draw,60,01-Jan,safertip.com
,Algeria League 1,2x,Away or draw,60,0-1,safertip.com
,Algeria League 1,u3.5,under 3.5,70,02-Jan,safertip.com
,Algeria League 1,u3.5,under 3.5,70,2-0,safertip.com
,Argentina Copa De La Liga Professional,1x,Home or draw,60,0-0,safertip.com
,Argentina Copa De La Liga Professional,1x,Home or draw,,03-Jan,safertip.com
,Argentina Copa De La Liga Professional,1x,Home or draw,,01-Jan,safertip.com
,Argentina Copa De La Liga Professional,1x,Home or draw,65,0-0,safertip.com
,Argentina Copa De La Liga Professional,1x,Home or draw,,1-0,safertip.com
,Argentina Copa De La Liga Professional,1x,Home or draw,,01-Feb,safertip.com
,Argentina Copa De La Liga Professional,1x,Home or draw,,01-Jan,safertip.com
,Argentina Copa De La Liga Professional,1x,Home or draw,,0-2,safertip.com
,Argentina Copa De La Liga Professional,1x,Home or draw,,02-Feb,safertip.com
,Argentina Copa De La Liga Professional,1x,Home or draw,70,02-Mar,safertip.com
,Argentina Copa De La Liga Professional,1x,Home or draw,,2-0,safertip.com
,Argentina Copa De La Liga Professional,1x,Home or draw,,1-0,safertip.com
,Argentina Copa De La Liga Professional,1x,Home or draw,,0-0,safertip.com
,Argentina Copa De La Liga Professional,1x,Home or draw,,02-Jan,safertip.com
,Argentina Copa De La Liga Professional,1x,Home or draw,,2-0,safertip.com
,Argentina Copa De La Liga Professional,12,home or away,60,3-0,safertip.com
,Argentina Copa De La Liga Professional,12,home or away,,1-0,safertip.com
,Argentina Copa De La Liga Professional,12,home or away,65,0-2,safertip.com
,Argentina Copa De La Liga Professional,2x,Away or draw,60,1-0,safertip.com
,Argentina Copa De La Liga Professional,2x,Away or draw,70,0-2,safertip.com
,Argentina Copa De La Liga Professional,2x,Away or draw,,02-Feb,safertip.com
,Argentina Copa De La Liga Professional,2x,Away or draw,,02-Jan,safertip.com
,Argentina Copa De La Liga Professional,2x,Away or draw,75,0-0,safertip.com
,Argentina Copa De La Liga Professional,u2.5,under 2.5,60,0-0,safertip.com
,Argentina Copa De La Liga Professional,u2.5,under 2.5,,0-0,safertip.com
,Argentina Copa De La Liga Professional,u2.5,under 2.5,,3-0,safertip.com
,Argentina Copa De La Liga Professional,u2.5,under 2.5,,3-0,safertip.com
,Argentina Copa De La Liga Professional,u2.5,under 2.5,,1-0,safertip.com
,Argentina Copa De La Liga Professional,u2.5,under 2.5,,01-Jan,safertip.com
,Argentina Copa De La Liga Professional,u2.5,under 2.5,,0-1,safertip.com
,Argentina Copa De La Liga Professional,u2.5,under 2.5,,0-1,safertip.com
,Argentina Copa De La Liga Professional,u2.5,under 2.5,,01-Mar,safertip.com
,Argentina Copa De La Liga Professional,u2.5,under 2.5,65,0-1,safertip.com
,Argentina Copa De La Liga Professional,u2.5,under 2.5,,0-0,safertip.com
,Argentina Copa De La Liga Professional,u2.5,under 2.5,,2-0,safertip.com
,Argentina Copa De La Liga Professional,u2.5,under 2.5,,01-Feb,safertip.com
,Argentina Copa De La Liga Professional,u3.5,under 3.5,75,01-Jan,safertip.com
,Argentina Copa De La Liga Professional,1,Home win,60,2-0,safertip.com
,Azerbajan Premier League,1&1.5,Home and over 1.5,70,03-Jan,safertip.com
,Azerbajan Premier League,2,Away win,60,01-Apr,safertip.com
,Azerbajan Premier League,2,Away win,70,01-Feb,safertip.com
,Azerbajan Premier League,2,Away win,,0-4,safertip.com
,Azerbajan Premier League,2,Away win,80,01-Feb,safertip.com
,Azerbajan Premier League,1.5,over 1.5,60,0-1,safertip.com
,Azerbajan Premier League,1.5,over 1.5,,01-Apr,safertip.com
,Azerbajan Premier League,1.5,over 1.5,,1-0,safertip.com
,Azerbajan Premier League,1.5,over 1.5,,2-0,safertip.com
,Azerbajan Premier League,1.5,over 1.5,65,03-Jan,safertip.com
,Azerbajan Premier League,1.5,over 1.5,,01-Jan,safertip.com
,Azerbajan Premier League,1.5,over 1.5,,02-Jan,safertip.com
,Azerbajan Premier League,1.5,over 1.5,,02-Feb,safertip.com
,Azerbajan Premier League,2.5,over 2.5,73,03-Jan,safertip.com
,Azerbajan Premier League,u3.5,under 3.5,60,01-Jan,safertip.com
,Azerbajan Premier League,u3.5,under 3.5,65,1-0,safertip.com
,Azerbajan Premier League,u3.5,under 3.5,70,0-3,safertip.com
,Azerbajan Premier League,1,Home win,75,03-Mar,safertip.com
,Azerbajan Premier League,1,Home win,,2-0,safertip.com
,Azerbajan Premier League,1x,Home or draw,65,0-0,safertip.com
,Azerbajan Premier League,1x,Home or draw,,02-Jan,safertip.com
,Azerbajan Premier League,1x,Home or draw,55,0-0,safertip.com
,Azerbajan Premier League,1x,Home or draw,70,01-Feb,safertip.com
,Azerbajan Premier League,2x,Away or draw,65,01-Jan,safertip.com
,Azerbajan Premier League,2x,Away or draw,,02-Mar,safertip.com
,Croatia HNL,1,Home win,60,2-0,safertip.com
,Croatia HNL,1,Home win,65,4-0,safertip.com
,Croatia HNL,1,Home win,,4-0,safertip.com
,Croatia HNL,1,Home win,,2-0,safertip.com
,Croatia HNL,1,Home win,70,1-0,safertip.com
,Croatia HNL,1,Home win,,1-0,safertip.com
,Croatia HNL,2,Away win,55,02-Feb,safertip.com
,Croatia HNL,2,Away win,60,0-1,safertip.com
,Croatia HNL,2,Away win,70,0-2,safertip.com
,Croatia HNL,2x,Away or draw,65,1-0,safertip.com
,Croatia HNL,2x,Away or draw,70,01-Jan,safertip.com
,Croatia HNL,2x,Away or draw,75,02-Mar,safertip.com
,Croatia HNL,1.5,over 1.5,60,02-Mar,safertip.com
,Croatia HNL,1.5,over 1.5,65,01-Feb,safertip.com
,Croatia HNL,1.5,over 1.5,,3-0,safertip.com
,Croatia HNL,1.5,over 1.5,70,1-0,safertip.com
,Croatia HNL,1.5,over 1.5,,0-2,safertip.com
,Croatia HNL,1.5,over 1.5,,02-Jan,safertip.com
,Croatia HNL,1.5,over 1.5,,,safertip.com
,Croatia HNL,u3.5,under 3.5,60,0-0,safertip.com
,Croatia HNL,u3.5,under 3.5,65,01-Jan,safertip.com
,Croatia HNL,u3.5,under 3.5,70,01-Feb,safertip.com
,Croatia HNL,1x,Home or draw,60,01-Jan,safertip.com
,Croatia HNL,12,home or away,,65,safertip.com
,Cyprus First Division,1,Home win,70,0-0,safertip.com
,Cyprus First Division,1,Home win,75,4-0,safertip.com
,Cyprus First Division,1,Home win,,1-0,safertip.com
,Cyprus First Division,1x,Home win or draw,60,03-Jan,safertip.com
,Cyprus First Division,1x,Home win or draw,,0-1,safertip.com
,Cyprus First Division,1x,Home win or draw,65,02-Jan,safertip.com
,Cyprus First Division,1x,Home win or draw,,04-Jan,safertip.com
,Cyprus First Division,1x,Home win or draw,,1-0,safertip.com
,Cyprus First Division,1&1.5,Home and over 1.5,70,4-0,safertip.com
,Cyprus First Division,2,Away win,60,02-Feb,safertip.com
,Cyprus First Division,2,Away win,65,01-Mar,safertip.com
,Cyprus First Division,2,Away win,70,0-4,safertip.com
,Cyprus First Division,2,Away win,,01-Jan,safertip.com
,Cyprus First Division,2,Away win,,0-3,safertip.com
,Cyprus First Division,2,Away win,75,0-1,safertip.com
,Cyprus First Division,2x,Away win or draw,75,0-0,safertip.com
,Cyprus First Division,1.5,over 1.5,60,01-Jan,safertip.com
,Cyprus First Division,1.5,over 1.5,65,01-Feb,safertip.com
,Cyprus First Division,1.5,over 1.5,,01-Mar,safertip.com
,Cyprus First Division,1.5,over 1.5,,03-Mar,safertip.com
,Cyprus First Division,1.5,over 1.5,,03-Jan,safertip.com
,Cyprus First Division,1.5,over 1.5,,0-2,safertip.com
,Cyprus First Division,1.5,over 1.5,70,0-2,safertip.com
,Cyprus First Division,1.5,over 1.5,,02-Feb,safertip.com
,Cyprus First Division,1.5,over 1.5,,1-0,safertip.com
,Cyprus First Division,1.5,over 1.5,,01-Feb,safertip.com
,Cyprus First Division,1.5,over 1.5,,01-Feb,safertip.com
,Cyprus First Division,1.5,over 1.5,,4-0,safertip.com
,Cyprus First Division,1.5,over 1.5,,01-Jan,safertip.com
,Cyprus First Division,12,home or away,65,01-Feb,safertip.com
,Cyprus First Division,12,home or away,,0-3,safertip.com
,Cyprus First Division,12,home or away,,03-Jan,safertip.com
,Cyprus First Division,12,home or away,70,01-Feb,safertip.com
,Cyprus First Division,u3.5,under 3.5,60,03-Jan,safertip.com
,Cyprus First Division,2.5,over 2.5,60,01-Jan,safertip.com
,Cyprus First Division,2.5,over 2.5,65,3-0,safertip.com
,Cyprus First Division,1.5,over 1.5,75,02-Mar,safertip.com
,Cyprus First Division,GG,Both teams to score,55,2-0,safertip.com
,Cyprus First Division,GG,Both teams to score,60,1-0,safertip.com
,EPL,GG,Both teams to score,,01-Apr,safertip.com
,EPL,1,Home win,60,01-Feb,safertip.com
,EPL,1,Home win,65,04-Apr,safertip.com
,EPL,1,Home win,,01-Jan,safertip.com
,EPL,1,Home win,,1-0,safertip.com
,EPL,1,Home win,,03-Jan,safertip.com
,EPL,1,Home win,70,2-0,safertip.com
,EPL,1,Home win,70,04-Jan,safertip.com
,EPL,1&1.5,Home and over 1.5,70,1-0,safertip.com
,EPL,1x,Home win or draw,65,0-2,safertip.com
,EPL,1x,Home win or draw,70,03-Feb,safertip.com
,EPL,1x,Home win or draw,,02-Feb,safertip.com
,EPL,1x,Home win or draw,,01-Jan,safertip.com
,EPL,1x,Home win or draw,,3-0,safertip.com
,EPL,12,home or away,70,04-Feb,safertip.com
,EPL,GG,Both teams to score,60,01-Mar,safertip.com
,EPL,GG,Both teams to score,,02-Jan,safertip.com
,EPL,GG,Both teams to score,,2-0,safertip.com
,EPL,GG,Both teams to score,,3-0,safertip.com
,EPL,u4.5,under 4.5 goals,,04-Jan,safertip.com
,EPL,u4.5,under 4.5 goals,,01-Feb,safertip.com
,EPL,u4.5,under 4.5 goals,,03-Jan,safertip.com
,EPL,u3.5,under 3.5,65,01-Jan,safertip.com
,EPL,u3.5,under 3.5,,3-0,safertip.com
,EPL,2.5,over 2.5,70,03-Jan,safertip.com
,EPL,2.5,over 2.5,65,03-Jan,safertip.com
,EPL,u2.5,under 2.5,60,0-0,safertip.com
,EPL,1.5,over 1.5,70,04-Jan,safertip.com
,EPL,1.5,over 1.5,,03-Jan,safertip.com
,EPL,1.5,over 1.5,,01-Mar,safertip.com
,EPL,1.5,over 1.5,,01-Mar,safertip.com
,EPL,1.5,over 1.5,65,02-Feb,safertip.com
,EPL,1.5,over 1.5,60,0-0,safertip.com
,EPL,2x,Away or draw,99,01-Mar,safertip.com
,EPL,2x,Away or draw,70,0-5,safertip.com
,EPL,2x,Away or draw,,01-Feb,safertip.com
,EPL,2x,Away or draw,65,02-Feb,safertip.com
,EPL,2x,Away or draw,,0-4,safertip.com
,EPL,2x,Away or draw,,02-Mar,safertip.com
,EPL,2x,Away or draw,,0-2,safertip.com
,EPL,2x,Away or draw,,02-Feb,safertip.com
,EPL,2x,Away or draw,60,4-0,safertip.com
,EPL,2x,Away or draw,,03-Apr,safertip.com
,EPL,2x,Away or draw,70,0-5,safertip.com
,EPL,2x,Away or draw,,0-1,safertip.com
,EPL,2x,Away or draw,65,01-Feb,safertip.com
,EPL,2x,Away or draw,,01-Mar,safertip.com
,EPL,2x,Away or draw,,0-6,safertip.com
,EPL,2x,Away or draw,60,01-Apr,safertip.com
,EPL,2x,Away or draw,,0-5,safertip.com
,League One,1.5,over 1.5,75,2-0,safertip.com
,League One,2x,Away or draw,70,01-Mar,safertip.com
,League One,1x,Home or draw,,0-0,safertip.com
,League One,1,Home win,60,3-0,safertip.com
,League One,12,home or away,60,02-Apr,safertip.com
,League One,u3.5,under 3.5,65,0-2,safertip.com
,League One,1.5,over 1.5,70,02-Jan,safertip.com
,League One,1,Home win,60,02-Jan,safertip.com
,League One,1.5,over 1.5,65,01-Jan,safertip.com
,League One,2x,Away win or draw,60,0-0,safertip.com
,League One,12,home or away,65,0-1,safertip.com
,League One,GG,Both teams to score,60,04-Feb,safertip.com
,UAE Division 1,GG,Both teams to score,55,02-Jan,safertip.com
,UAE Division 1,u3.5,under 3.5,60,03-Jan,safertip.com
,UAE Division 1,1.5,over 1.5,65,02-Feb,safertip.com
,UAE Division 1,1.5,over 1.5,,03-Jan,safertip.com
,UAE Division 1,2x,Away or draw,75,01-Feb,safertip.com
,UAE Division 1,1.5,over 1.5,60,0-2,safertip.com
,UAE Division 1,1.5,over 1.5,75,03-Jan,safertip.com
,UAE Division 1,GG,Both teams to score,60,01-Feb,safertip.com
,UAE League,2x,Away or draw,60,01-Feb,safertip.com
,UAE League,1,Home win,65,1-0,safertip.com
,UAE League,1.5,over 1.5,75,01-Jan,safertip.com
,UAE League,u4.5,under 4.5 goals,60,01-Jan,safertip.com
,UAE League,2,Away win,75,0-2,safertip.com
,UAE League,12,home or away,65,0-2,safertip.com
,UAE League,12,home or away,,01-Feb,safertip.com
,UAE League,1x,Home win or draw,70,2-0,safertip.com
,UAE League,1x,Home win or draw,,1-0,safertip.com
,UAE League,1x,Home win or draw,75,02-Mar,safertip.com
,UAE League,1,Home win,60,3-0,safertip.com
,UAE League,2,Away win,70,0-1,safertip.com
,UAE League,2,Away win,,0-3,safertip.com
,UAE League,2.5,over 2.5,60,2-0,safertip.com
,UAE League,2.5,over 2.5,65,05-Mar,safertip.com
,Israel Lemut,1x,Home win or draw,60,2-0,safertip.com
,Israel Lemut,1x,Home win or draw,65,0-0,safertip.com
,Israel Lemut,1x,Home win or draw,,0-0,safertip.com
,Israel Lemut,1x,Home win or draw,,1-0,safertip.com
,Israel Lemut,1x,Home win or draw,,02-Feb,safertip.com
,Israel Lemut,1x,Home win or draw,,02-Jan,safertip.com
,Israel Lemut,1x,Home win or draw,,01-Jan,safertip.com
,Israel Lemut,1.5,over 1.5,60,3-0,safertip.com
,Israel Lemut,1.5,over 1.5,,3-0,safertip.com
,Israel Lemut,1.5,over 1.5,,02-Jan,safertip.com
,Israel Lemut,1.5,over 1.5,,0-1,safertip.com
,Israel Lemut,1x,Home win or draw,70,1-0,safertip.com
,Israel Lemut,1,Home win,65,01-Jan,safertip.com
,Israel Lemut,1,Home win,,02-Jan,safertip.com
,Israel Lemut,2,Away win,55,0-2,safertip.com
,Israel Lemut,2x,Away win or draw,70,02-Jan,safertip.com
,Israel Lemut,1.5,over 1.5,70,01-Mar,safertip.com
,Israel Lemut,1x,Home win or draw,60,01-Jan,safertip.com
,Israel Lemut,12,home or away,70,01-Jan,safertip.com
,Israel Lemut,u3.5,under 3.5,70,01-Feb,safertip.com
,Israel Lemut,u3.5,under 3.5,,02-Jan,safertip.com
,Israel Lemut,u3.5,under 3.5,,01-Feb,safertip.com
,Israel Lemut,u3.5,under 3.5,65,0-0,safertip.com
,Israel Lemut,u3.5,under 3.5,,01-Jan,safertip.com
,Israel Lemut,u3.5,under 3.5,,02-Jan,safertip.com
,Israel Lemut,1.5,over 1.5,,01-Jan,safertip.com
,Israel Lemut,1.5,over 1.5,,03-Jan,safertip.com
,Israel Lemut,1.5,over 1.5,,1-0,safertip.com
,Israel Lemut,GG,Both teams to score,60,03-Jan,safertip.com
,Israel Ha'al,1,Home win,75,02-Jan,safertip.com
,Israel Ha'al,1,Home win,,4-0,safertip.com
,Israel Ha'al,1,Home win,,1-0,safertip.com
,Israel Ha'al,1,Home win,70,01-Jan,safertip.com
,Israel Ha'al,1,Home win,,01-Jan,safertip.com
,Israel Ha'al,1,Home win,,2-0,safertip.com
,Israel Ha'al,1x,Home win or draw,60,2-0,safertip.com
,Israel Ha'al,1x,Home win or draw,65,0-1,safertip.com
,Israel Ha'al,1x,Home win or draw,,1-0,safertip.com
,Israel Ha'al,1x,Home win or draw,,02-Mar,safertip.com
,Israel Ha'al,1x,Home win or draw,,01-Feb,safertip.com
,Israel Ha'al,1x,Home win or draw,70,0-1,safertip.com
,Israel Ha'al,12,home or away,70,0-2,safertip.com
,Israel Ha'al,2,Away win,60,0-2,safertip.com
,Israel Ha'al,2,Away win,65,0-2,safertip.com
,Israel Ha'al,1.5,over 1.5,60,01-Jan,safertip.com
,Israel Ha'al,1.5,over 1.5,65,02-Feb,safertip.com
,Israel Ha'al,1.5,over 1.5,,02-Jan,safertip.com
,Israel Ha'al,1.5,over 1.5,70,1-0,safertip.com
,Israel Ha'al,u3.5,under 3.5,65,03-Jan,safertip.com
,Israel Ha'al,u3.5,under 3.5,,0-0,safertip.com
,Israel Ha'al,u3.5,under 3.5,,3-0,safertip.com
,Israel Ha'al,u3.5,under 3.5,,01-Jan,safertip.com
,Israel Ha'al,u3.5,under 3.5,60,01-Jan,safertip.com
,Israel Ha'al,u3.5,under 3.5,,01-Jan,safertip.com
,Israel Ha'al,u3.5,under 3.5,70,01-Jan,safertip.com
,Israel Ha'al,GG,Both teams to score,60,02-Jan,safertip.com
,Israel Ha'al,2,Away win,65,01-May,safertip.com
,Israel Ha'al,u2.5,under 2.5,55,1-0,safertip.com
,Bundesliga,1,Home win,60,03-Jan,safertip.com
,Bundesliga,1,Home win,65,3-0,safertip.com
,Bundesliga,1,Home win,70,1-0,safertip.com
,Bundesliga,1,Home win,,03-Jan,safertip.com
,Bundesliga,1,Home win,,01-Jan,safertip.com
,Bundesliga,1,Home win,,02-Mar,safertip.com
,Bundesliga,1,Home win,75,0-0,safertip.com
,Bundesliga,1,Home win,,03-Jan,safertip.com
,Bundesliga,1x,Home win or draw,65,01-Feb,safertip.com
,Bundesliga,1x,Home win or draw,,1-0,safertip.com
,Bundesliga,1x,Home win or draw,,0-1,safertip.com
,Bundesliga,1x,Home win or draw,,02-Feb,safertip.com
,Bundesliga,1x,Home win or draw,,02-Jan,safertip.com
,Bundesliga,1x,Home win or draw,70,01-Feb,safertip.com
,Bundesliga,1x,Home win or draw,,01-Jan,safertip.com
,Bundesliga,2,Away win,60,03-Feb,safertip.com
,Bundesliga,2,Away win,,01-Apr,safertip.com
,Bundesliga,2,Away win,70,02-Mar,safertip.com
,Bundesliga,2,Away win,,0-2,safertip.com
,Bundesliga,2,Away win,,01-Feb,safertip.com
,Bundesliga,2,Away win,75,0-2,safertip.com
,Bundesliga,2x,Away win or draw,60,01-Mar,safertip.com
,Bundesliga,2x,Away win or draw,65,2-0,safertip.com
,Bundesliga,2x,Away win or draw,,01-Feb,safertip.com
,Bundesliga,2x,Away win or draw,70,02-Feb,safertip.com
,Bundesliga,2x,Away win or draw,,0-2,safertip.com
,Bundesliga,2x,Away win or draw,,02-Mar,safertip.com
,Bundesliga,2x,Away win or draw,75,0-0,safertip.com
,Bundesliga,2x,Away win or draw,,01-Jan,safertip.com
,Bundesliga,GG,Both teams to score,60,3-0,safertip.com
,Bundesliga,GG,Both teams to score,,02-Jan,safertip.com
,Bundesliga,GG,Both teams to score,,0-6,safertip.com
,Bundesliga,GG,Both teams to score,55,03-Jan,safertip.com
,Bundesliga,3.5,over 3.5 goals,65,0-1,safertip.com
,Bundesliga,3.5,over 3.5 goals,,01-Jan,safertip.com
,Bundesliga,u3.5,under 3.5,60,1-0,safertip.com
,Bundesliga,2.5,over 2.5,65,2-0,safertip.com
,Bundesliga,2.5,over 2.5,,05-Apr,safertip.com
,Bundesliga,2.5,over 2.5,,02-Jan,safertip.com
,Bundesliga,2.5,over 2.5,60,01-Jan,safertip.com
,Bundesliga,12,home or away,70,01-Feb,safertip.com
,Bundesliga,12,home or away,,01-Jan,safertip.com
,Bundesliga,12,home or away,65,01-Jan,safertip.com
,Bundesliga,12,home or away,,01-Jan,safertip.com
,Bundesliga,1.5,over 1.5,60,1-0,safertip.com
,Bundesliga,1.5,over 1.5,,1-0,safertip.com
,Bundesliga,2,Away win,65,02-Feb,safertip.com
,Bundesliga,1.5,over 1.5,65,01-Jan,safertip.com
,Bundesliga,1.5,over 1.5,,03-Mar,safertip.com
,Bundesliga,1.5,over 1.5,,02-Feb,safertip.com
,Bundesliga,1.5,over 1.5,75,01-Jan,safertip.com
,Bundesliga,1.5,over 1.5,70,0-1,safertip.com
,Bundesliga,1.5,over 1.5,,0-1,safertip.com
,Bundesliga,1.5,over 1.5,,0-0,safertip.com
,Bundesliga 2,1x,Home or draw,,02-Jan,safertip.com
,Bundesliga 2,1x,Home or draw,70,02-Feb,safertip.com
,Bundesliga 2,1x,Home or draw,,01-Jan,safertip.com
,Bundesliga 2,1x,Home or draw,,1-0,safertip.com
,Bundesliga 2,1x,Home or draw,,03-Jan,safertip.com
,Bundesliga 2,1x,Home or draw,75,03-Apr,safertip.com
,Bundesliga 2,1.5,over 1.5,70,1-0,safertip.com
,Bundesliga 2,1.5,over 1.5,,01-Jan,safertip.com
,Bundesliga 2,1.5,over 1.5,75,3-0,safertip.com
,Bundesliga 2,1.5,over 1.5,,03-Feb,safertip.com
,Bundesliga 2,2.5,over 2.5,55,01-Feb,safertip.com
,Bundesliga 2,2.5,over 2.5,,02-Feb,safertip.com
,Bundesliga 2,2.5,over 2.5,60,02-Jan,safertip.com
,Bundesliga 2,2.5,over 2.5,,4-0,safertip.com
,Bundesliga 2,2.5,over 2.5,65,0-0,safertip.com
,Bundesliga 2,2.5,over 2.5,,03-Apr,safertip.com
,Bundesliga 2,2.5,over 2.5,,02-Feb,safertip.com
,Bundesliga 2,2.5,over 2.5,,02-Jan,safertip.com
,Bundesliga 2,12,home or away,65,1-0,safertip.com
,Bundesliga 2,12,home or away,,01-Jan,safertip.com
,Bundesliga 2,12,home or away,,02-Jan,safertip.com
,Bundesliga 2,12,home or away,70,1-0,safertip.com
,Bundesliga 2,1.5,over 1.5,70,0-0,safertip.com
,Bundesliga 2,1.5,over 1.5,,01-Feb,safertip.com
,Bundesliga 2,1.5,over 1.5,,03-Jan,safertip.com
,Bundesliga 2,1.5,over 1.5,,0-3,safertip.com
,Bundesliga 2,GG,Both teams to score,60,04-Jan,safertip.com
,Bundesliga 2,GG,Both teams to score,,02-Jan,safertip.com
,Bundesliga 2,GG,Both teams to score,,01-Jan,safertip.com
,Bundesliga 2,GG,Both teams to score,,2-0,safertip.com
,Bundesliga 2,GG,Both teams to score,,1-0,safertip.com
,Bundesliga 2,GG,Both teams to score,,0-4,safertip.com
,Bundesliga 2,GG,Both teams to score,,02-Feb,safertip.com
,Bundesliga 2,GG,Both teams to score,,0-0,safertip.com
,Bundesliga 2,GG,Both teams to score,55,03-Feb,safertip.com
,Bundesliga 2,GG,Both teams to score,60,0-4,safertip.com
,Bundesliga 2,GG,Both teams to score,,3-0,safertip.com
,Bundesliga 2,GG,Both teams to score,,02-Feb,safertip.com
,Bundesliga 2,GG,Both teams to score,65,01-Feb,safertip.com
,Bundesliga 2,GG,Both teams to score,,01-Jan,safertip.com
,Bundesliga 2,GG,Both teams to score,,01-Feb,safertip.com
,Bundesliga 2,2x,Away or draw,65,03-Apr,safertip.com
,Bundesliga 2,2x,Away or draw,70,02-Feb,safertip.com
,Bundesliga 2,2x,Away or draw,,1-0,safertip.com
,Bundesliga 2,1,Home win,65,1-0,safertip.com
,Bundesliga 2,1,Home win,,2-0,safertip.com
,Bundesliga 2,1,Home win,70,01-Feb,safertip.com
,Saudi Proffessional League,2,Away win,70,01-Feb,safertip.com
,Saudi Proffessional League,2,Away win,,02-Mar,safertip.com
,Saudi Proffessional League,1x,Home win or draw,75,01-Feb,safertip.com
,Saudi Proffessional League,GG,Both teams to score,60,03-Mar,safertip.com
,Saudi Proffessional League,1x,Home win or draw,70,03-Feb,safertip.com
,Saudi Proffessional League,1,Home win,,02-Jan,safertip.com
,Saudi Proffessional League,1,Home win,75,02-Jan,safertip.com
,Saudi Proffessional League,1,Home win,70,2-0,safertip.com
,Saudi Proffessional League,1,Home win,,02-Jan,safertip.com
,Saudi Proffessional League,1x,Home or draw,65,01-Mar,safertip.com
,Saudi Proffessional League,1x,Home or draw,,02-Jan,safertip.com
,Saudi Proffessional League,1,Home win,65,03-Jan,safertip.com
,Saudi Proffessional League,2.5,over 2.5,70,03-Jan,safertip.com
,Saudi Proffessional League,2.5,over 2.5,,04-Apr,safertip.com
,Saudi Proffessional League,2x,Away or draw,65,01-Jan,safertip.com
,Saudi Proffessional League,2x,Away or draw,,0-0,safertip.com
,Saudi Proffessional League,2x,Away or draw,70,0-3,safertip.com
,Saudi Proffessional League,12,home or away,60,01-Jan,safertip.com
,Saudi Proffessional League,12,home or away,,03-Jan,safertip.com
,Saudi Proffessional League,12,home or away,65,03-Feb,safertip.com
,Saudi Proffessional League,12,home or away,,2-0,safertip.com
,Saudi Proffessional League,1.5,over 1.5,65,0-2,safertip.com
,Saudi Proffessional League,1.5,over 1.5,70,01-Jan,safertip.com
,Saudi Proffessional League,1.5,over 1.5,,01-Jan,safertip.com
,Saudi Proffessional League,1.5,over 1.5,,03-Jan,safertip.com
,Saudi Proffessional League,1.5,over 1.5,75,01-Feb,safertip.com
,Saudi Proffessional League,12,home or away,70,01-Jan,safertip.com
,Saudi Proffessional League,u3.5,under 3.5,65,0-2,safertip.com
,Saudi Proffessional League,u3.5,under 3.5,60,0-1,safertip.com
,Saudi Division1,1.5,over 1.5,55,01-Jan,safertip.com
,Saudi Division1,1.5,over 1.5,60,02-Feb,safertip.com
,Saudi Division1,2,Away win,70,0-3,safertip.com
,Saudi Division1,1,Home win,60,0-1,safertip.com
,Saudi Division1,1x,Home or draw,70,02-Feb,safertip.com
,Saudi Division1,2.5,over 2.5,60,0-1,safertip.com
,Saudi Division1,2.5,over 2.5,,01-Jan,safertip.com
,Saudi Division1,12,home or away,60,03-Jan,safertip.com
,Saudi Division1,1.5,over 1.5,65,02-Mar,safertip.com
,Saudi Division1,1.5,over 1.5,,2-0,safertip.com
,Saudi Division1,GG,Both teams to score,55,02-Jan,safertip.com
,Saudi Division1,GG,Both teams to score,50,03-Jan,safertip.com
,Saudi Division1,u3.5,under 3.5,65,0-0,safertip.com
,Saudi Division1,u3.5,under 3.5,70,02-Feb,safertip.com
,Saudi Division1,u3.5,under 3.5,,1-0,safertip.com
,Saudi Division1,1.5,over 1.5,,02-Jan,safertip.com
,Saudi Division1,1x,Home or draw,60,03-Feb,safertip.com
,Saudi Division1,1x,Home or draw,65,0-0,safertip.com
,Saudi Division1,1x,Home or draw,,0-1,safertip.com
,Saudi Division1,1x,Home or draw,70,01-Feb,safertip.com
,Saudi Division1,1x,Home or draw,,2-0,safertip.com
,Saudi Division1,2x,Away or draw,65,01-Jan,safertip.com
,Saudi Division1,2x,Away or draw,70,1-0,safertip.com
,Saudi Division1,2x,Away or draw,,01-Feb,safertip.com
,Saudi Division1,2x,Away or draw,,01-Apr,safertip.com
,Serie A,1,Home win,60,2-0,safertip.com
,Serie A,1,Home win,,4-0,safertip.com
,Serie A,1,Home win,,01-Jan,safertip.com
,Serie A,1,Home win,65,3-0,safertip.com
,Serie A,1,Home win,70,01-Jan,safertip.com
,Serie A,1,Home win,,4-0,safertip.com
,Serie A,1,Home win,,01-Feb,safertip.com
,Serie A,1x,Home or draw,71,4-0,safertip.com
,Serie A,1x,Home or draw,65,01-Feb,safertip.com
,Serie A,1x,Home or draw,70,4-0,safertip.com
,Serie A,1x,Home or draw,,0-0,safertip.com
,Serie A,1x,Home or draw,,01-Jan,safertip.com
,Serie A,1x,Home or draw,,0-1,safertip.com
,Serie A,1x,Home or draw,75,02-Jan,safertip.com
,Serie A,2x,Away or draw,60,01-Feb,safertip.com
,Serie A,2x,Away or draw,,0-2,safertip.com
,Serie A,2x,Away or draw,,0-0,safertip.com
,Serie A,2x,Away or draw,65,01-Feb,safertip.com
,Serie A,2x,Away or draw,,01-Mar,safertip.com
,Serie A,2x,Away or draw,,01-Jan,safertip.com
,Serie A,2x,Away or draw,,01-Jan,safertip.com
,Serie A,2x,Away or draw,,0-1,safertip.com
,Serie A,2x,Away or draw,70,0-1,safertip.com
,Serie A,2x,Away or draw,,03-Feb,safertip.com
,Serie A,2x,Away or draw,,02-Mar,safertip.com
,Serie A,2x,Away or draw,,01-Apr,safertip.com
,Serie A,2x,Away or draw,,01-Apr,safertip.com
,Serie A,2x,Away or draw,,0-3,safertip.com
,Serie A,2x,Away or draw,,01-Jan,safertip.com
,Serie A,2x,Away or draw,,01-Jun,safertip.com
,Serie A,12,home or away,60,02-Feb,safertip.com
,Serie A,12,home or away,65,01-Feb,safertip.com
,Serie A,12,home or away,,2-0,safertip.com
,Serie A,12,home or away,,02-Feb,safertip.com
,Serie A,2,Away win,65,0-4,safertip.com
,Serie A,1.5,over 1.5,65,01-Feb,safertip.com
,Serie A,1.5,over 1.5,,05-Jan,safertip.com
,Serie A,1.5,over 1.5,,04-Feb,safertip.com
,Serie A,1.5,over 1.5,,2-0,safertip.com
,Serie A,1.5,over 1.5,,02-Mar,safertip.com
,Serie A,1.5,over 1.5,,1-0,safertip.com
,Serie A,1.5,over 1.5,70,1-0,safertip.com
,Serie A,1.5,over 1.5,,03-Feb,safertip.com
,Serie A,1.5,over 1.5,,4-0,safertip.com
,Serie A,u2.5,under 2.5,55,0-2,safertip.com
,Serie A,u2.5,under 2.5,65,0-0,safertip.com
,Serie A,u2.5,under 2.5,,2-0,safertip.com
,Serie A,u3.5,under 3.5,60,01-Jan,safertip.com
,Serie A,u3.5,under 3.5,,01-Jan,safertip.com
,Serie A,u3.5,under 3.5,65,0-0,safertip.com
,Serie A,u3.5,under 3.5,,04-Feb,safertip.com
,Serie A,u3.5,under 3.5,,02-Apr,safertip.com
,Serie A,u3.5,under 3.5,,1-0,safertip.com
,Serie A,u3.5,under 3.5,,2-0,safertip.com
,Serie A,u3.5,under 3.5,70,01-Mar,safertip.com
,Serie A,u3.5,under 3.5,,02-Jan,safertip.com
,Serie A,GG,Both teams to score,55,3-0,safertip.com
,Serie A,GG,Both teams to score,,01-Jan,safertip.com
,Serie A,1,Home win,65,0-1,safertip.com
,Serie A,GG,Both teams to score,60,01-Jan,safertip.com
,Serie B,1,Home win,60,01-Jan,safertip.com
,Serie B,1,Home win,,01-Jan,safertip.com
,Serie B,1x,Home or draw,60,02-Feb,safertip.com
,Serie B,1x,Home or draw,65,0-2,safertip.com
,Serie B,1x,Home or draw,,01-Feb,safertip.com
,Serie B,1x,Home or draw,,01-Jan,safertip.com
,Serie B,1x,Home or draw,,1-0,safertip.com
,Serie B,1x,Home or draw,,0-0,safertip.com
,Serie B,1x,Home or draw,,01-Jan,safertip.com
,Serie B,1x,Home or draw,70,02-Jan,safertip.com
,Serie B,1x,Home or draw,,1-0,safertip.com
,Serie B,1x,Home or draw,,03-Feb,safertip.com
,Serie B,1x,Home or draw,,02-Feb,safertip.com
,Serie B,1x,Home or draw,,2-0,safertip.com
,Serie B,1x,Home or draw,,0-2,safertip.com
,Serie B,1x,Home or draw,,1-0,safertip.com
,Serie B,1x,Home or draw,,2-0,safertip.com
,Serie B,1x,Home or draw,73,03-Feb,safertip.com
,Serie B,1x,Home or draw,75,0-0,safertip.com
,Serie B,2x,Away or draw,60,01-Mar,safertip.com
,Serie B,2x,Away or draw,65,01-Feb,safertip.com
,Serie B,2x,Away or draw,,0-1,safertip.com
,Serie B,2x,Away or draw,,01-Mar,safertip.com
,Serie B,2x,Away or draw,,01-Feb,safertip.com
,Serie B,2x,Away or draw,,01-Feb,safertip.com
,Serie B,2x,Away or draw,70,3-0,safertip.com
,Serie B,2x,Away or draw,,0-1,safertip.com
,Serie B,2x,Away or draw,,0-0,safertip.com
,Serie B,2x,Away or draw,,0-3,safertip.com
,Serie B,12,home or away,65,1-0,safertip.com
,Serie B,12,home or away,,03-Jan,safertip.com
,Serie B,12,home or away,,0-0,safertip.com
,Serie B,1.5,over 1.5,60,3-0,safertip.com
,Serie B,1.5,over 1.5,65,0-1,safertip.com
,Serie B,1.5,over 1.5,,01-Jan,safertip.com
,Serie B,1.5,over 1.5,,04-Feb,safertip.com
,Serie B,1.5,over 1.5,70,02-Feb,safertip.com
,Serie B,1.5,over 1.5,,01-Jan,safertip.com
,Serie B,1.5,over 1.5,,02-Mar,safertip.com
,Serie B,1.5,over 1.5,,02-Jan,safertip.com
,Serie B,1.5,over 1.5,75,1-0,safertip.com
,Serie B,u2.5,under 2.5,55,01-Jan,safertip.com
,Serie B,2x,Away or draw,75,01-Mar,safertip.com
,Serie B,2x,Away or draw,,0-1,safertip.com
,Serie B,u2.5,under 2.5,60,0-1,safertip.com
,Serie B,u2.5,under 2.5,,0-3,safertip.com
,Serie B,u2.5,under 2.5,,01-Feb,safertip.com
,Serie B,u2.5,under 2.5,,01-Jan,safertip.com
,Serie B,u2.5,under 2.5,,0-1,safertip.com
,Serie B,u2.5,under 2.5,65,01-Jan,safertip.com
,Serie B,u2.5,under 2.5,,2-0,safertip.com
,Serie B,u3.5,under 3.5,60,01-Jan,safertip.com
,Serie B,u3.5,under 3.5,,02-Feb,safertip.com
,Serie B,u3.5,under 3.5,65,05-Jan,safertip.com
,Serie B,u3.5,under 3.5,,3-0,safertip.com
,Serie B,u3.5,under 3.5,,01-Feb,safertip.com
,Serie B,u3.5,under 3.5,,,safertip.com
,Serie B,u3.5,under 3.5,70,01-Jan,safertip.com
,Serie B,u3.5,under 3.5,,2-0,safertip.com
,Serie B,u3.5,under 3.5,,1-0,safertip.com
,Serie B,u3.5,under 3.5,,0-0,safertip.com
,Serie B,u3.5,under 3.5,,02-Feb,safertip.com
,Serie B,u3.5,under 3.5,,0-2,safertip.com
,Serie B,u3.5,under 3.5,,01-Jan,safertip.com
,Serie B,GG,Both teams to score,55,01-Jan,safertip.com
,Serie B,GG,Both teams to score,,01-Feb,safertip.com
,Portugal Primera,1,Home win,60,0-2,safertip.com
,Portugal Primera,1,Home win,70,0-0,safertip.com
,Portugal Primera,1,Home win,,2-0,safertip.com
,Portugal Primera,1,Home win,,3-0,safertip.com
,Portugal Primera,1,Home win,75,8-0,safertip.com
,Portugal Primera,1&1.5,Home and over 1.5,70,06-Jan,safertip.com
,Portugal Primera,1&2.5,Home and over 2.5,70,03-Feb,safertip.com
,Portugal Primera,1x,Home or draw,60,0-0,safertip.com
,Portugal Primera,1x,Home or draw,65,1-0,safertip.com
,Portugal Primera,1x,Home or draw,,0-1,safertip.com
,Portugal Primera,1x,Home or draw,,02-Jan,safertip.com
,Portugal Primera,1x,Home or draw,,0-0,safertip.com
,Portugal Primera,1x,Home or draw,,1-0,safertip.com
,Portugal Primera,2,Away win,65,01-Mar,safertip.com
,Portugal Primera,2,Away win,,03-Feb,safertip.com
,Portugal Primera,2,Away win,,03-Mar,safertip.com
,Portugal Primera,2,Away win,70,01-Apr,safertip.com
,Portugal Primera,2,Away win,,0-2,safertip.com
,Portugal Primera,2,Away win,,01-Jan,safertip.com
,Portugal Primera,1.5,over 1.5,60,1-0,safertip.com
,Portugal Primera,1.5,over 1.5,,3-0,safertip.com
,Portugal Primera,1.5,over 1.5,,01-Jan,safertip.com
,Portugal Primera,1.5,over 1.5,,02-Jan,safertip.com
,Portugal Primera,1.5,over 1.5,,03-Mar,safertip.com
,Portugal Primera,1.5,over 1.5,65,01-Feb,safertip.com
,Portugal Primera,1.5,over 1.5,,01-Mar,safertip.com
,Portugal Primera,1.5,over 1.5,,0-0,safertip.com
,Portugal Primera,1.5,over 1.5,70,02-Feb,safertip.com
,Portugal Primera,u3.5,under 3.5,,02-Jan,safertip.com
,Portugal Primera,u3.5,under 3.5,,5-0,safertip.com
,Portugal Primera,u3.5,under 3.5,65,0-0,safertip.com
,Portugal Primera,u3.5,under 3.5,,1-0,safertip.com
,Portugal Primera,u3.5,under 3.5,70,0-0,safertip.com
,Portugal Primera,u3.5,under 3.5,,1-0,safertip.com
,Portugal Primera,u3.5,under 3.5,,5-0,safertip.com
,Portugal Primera,u3.5,under 3.5,,03-Feb,safertip.com
,Portugal Primera,u3.5,under 3.5,,0-1,safertip.com
,Portugal Primera,u3.5,under 3.5,,01-Jan,safertip.com
,Portugal Primera,2.5,over 2.5,60,5-0,safertip.com
,Portugal Primera,2.5,over 2.5,,02-Jan,safertip.com
,Portugal Primera,2.5,over 2.5,65,4-0,safertip.com
,Portugal Primera,2x,Away or draw,70,01-Jan,safertip.com
,Portugal Primera,2x,Away or draw,,01-May,safertip.com
,Portugal Primera,2x,Away or draw,65,01-Mar,safertip.com
,LA LIGA,u2.5,under 2.5,70,01-Feb,safertip.com
,LA LIGA,u2.5,under 2.5,60,03-Feb,safertip.com
,LA LIGA,u2.5,under 2.5,,2-0,safertip.com
,LA LIGA,u2.5,under 2.5,,2-0,safertip.com
,LA LIGA,1x,Home or draw,70,01-Jan,safertip.com
,LA LIGA,1x,Home or draw,,03-Mar,safertip.com
,LA LIGA,1x,Home or draw,65,01-Jan,safertip.com
,LA LIGA,1x,Home or draw,,01-Jan,safertip.com
,LA LIGA,1x,Home or draw,60,0-1,safertip.com
,LA LIGA,1x,Home or draw,,03-Feb,safertip.com
,LA LIGA,1x,Home or draw,,01-Jan,safertip.com
,LA LIGA,1&1.5,Home and over 1.5,70,03-Feb,safertip.com
,LA LIGA,1,Home win,60,05-Jan,safertip.com
,LA LIGA,1,Home win,,4-0,safertip.com
,LA LIGA,1,Home win,,0-1,safertip.com
,LA LIGA,1,Home win,,05-Jan,safertip.com
,LA LIGA,1,Home win,65,4-0,safertip.com
,LA LIGA,1,Home win,70,03-May,safertip.com
,LA LIGA,1,Home win,,03-Mar,safertip.com
,LA LIGA,1,Home win,,1-0,safertip.com
,LA LIGA,2x,Away or draw,70,02-Apr,safertip.com
,LA LIGA,2x,Away or draw,,01-Feb,safertip.com
,LA LIGA,2x,Away or draw,,03-Jan,safertip.com
,LA LIGA,2x,Away or draw,,1-0,safertip.com
,LA LIGA,2x,Away or draw,,01-Mar,safertip.com
,LA LIGA,2x,Away or draw,,1-0,safertip.com
,LA LIGA,2x,Away or draw,65,01-Feb,safertip.com
,LA LIGA,2.5,,65,4-0,safertip.com
,LA LIGA,2.5,,,02-Jan,safertip.com
,LA LIGA,2,Away win,60,0-0,safertip.com
,LA LIGA,2,Away win,,0-0,safertip.com
,LA LIGA,2,Away win,65,01-Jan,safertip.com
,LA LIGA,2,Away win,,02-Feb,safertip.com
,LA LIGA,2,Away win,,02-Feb,safertip.com
,LA LIGA,u3.5,under 3.5,65,01-Jan,safertip.com
,LA LIGA,u3.5,under 3.5,,1-0,safertip.com
,LA LIGA,u3.5,under 3.5,70,2-0,safertip.com
,LA LIGA,u3.5,under 3.5,,0-0,safertip.com
,LA LIGA,u3.5,under 3.5,60,02-Jan,safertip.com
,LA LIGA,u3.5,under 3.5,,01-Feb,safertip.com
,LA LIGA,u3.5,under 3.5,,01-Jan,safertip.com
,LA LIGA,1.5,over 1.5,65,2-0,safertip.com
,LA LIGA,1.5,over 1.5,,0-2,safertip.com
,LA LIGA,1.5,over 1.5,75,02-Jan,safertip.com
,LA LIGA,12,home or away,60,01-Jan,safertip.com
,LA LIGA,12,home or away,65,01-Jan,safertip.com
,LA LIGA,12,home or away,70,01-Mar,safertip.com
,LA LIGA,GG,Both teams to score,55,0-0,safertip.com
,LA LIGA2,u2.5,under 2.5,88,3-0,safertip.com
,LA LIGA2,u2.5,under 2.5,60,2-0,safertip.com
,LA LIGA2,u2.5,under 2.5,,0-0,safertip.com
,LA LIGA2,u2.5,under 2.5,,02-Jan,safertip.com
,LA LIGA2,u2.5,under 2.5,,1-0,safertip.com
,LA LIGA2,u2.5,under 2.5,,02-Jan,safertip.com
,LA LIGA2,u2.5,under 2.5,65,0-0,safertip.com
,LA LIGA2,u2.5,under 2.5,,02-Jan,safertip.com
,LA LIGA2,u2.5,under 2.5,,0-2,safertip.com
,LA LIGA2,u2.5,under 2.5,,0-0,safertip.com
,LA LIGA2,u2.5,under 2.5,60,1-0,safertip.com
,LA LIGA2,u2.5,under 2.5,,0-0,safertip.com
,LA LIGA2,u2.5,under 2.5,,01-Jan,safertip.com
,LA LIGA2,u2.5,under 2.5,55,2-0,safertip.com
,LA LIGA2,u3.5,under 3.5,70,1-0,safertip.com
,LA LIGA2,u3.5,under 3.5,,0-0,safertip.com
,LA LIGA2,u3.5,under 3.5,60,0-0,safertip.com
,LA LIGA2,u3.5,under 3.5,,03-Jan,safertip.com
,LA LIGA2,u3.5,under 3.5,65,0-1,safertip.com
,LA LIGA2,u3.5,under 3.5,,0-1,safertip.com
,LA LIGA2,u3.5,under 3.5,,01-Jan,safertip.com
,LA LIGA2,u3.5,under 3.5,70,01-Jan,safertip.com
,LA LIGA2,u3.5,under 3.5,,0-0,safertip.com
,LA LIGA2,u3.5,under 3.5,,02-Feb,safertip.com
,LA LIGA2,12,home or away,65,0-1,safertip.com
,LA LIGA2,12,home or away,60,3-0,safertip.com
,LA LIGA2,12,home or away,,3-0,safertip.com
,LA LIGA2,12,home or away,,01-Jan,safertip.com
,LA LIGA2,1.5,over 1.5,65,2-0,safertip.com
,LA LIGA2,2x,Away or draw,65,1-0,safertip.com
,LA LIGA2,1x,Home or draw,65,0-0,safertip.com
,LA LIGA2,1x,Home or draw,,3-0,safertip.com
,LA LIGA2,1x,Home or draw,,3-0,safertip.com
,LA LIGA2,1x,Home or draw,,03-Feb,safertip.com
,LA LIGA2,1x,Home or draw,70,01-Feb,safertip.com
,LA LIGA2,1x,Home or draw,,2-0,safertip.com
,LA LIGA2,1x,Home or draw,,0-0,safertip.com
,LA LIGA2,1x,Home or draw,,1-0,safertip.com
,LA LIGA2,1x,Home or draw,,02-Mar,safertip.com
,LA LIGA2,1x,Home or draw,,02-Jan,safertip.com
,LA LIGA2,1x,Home or draw,,0-0,safertip.com
,LA LIGA2,1x,Home or draw,60,01-Jan,safertip.com
,LA LIGA2,1x,Home or draw,,1-0,safertip.com
,LA LIGA2,1x,Home or draw,,02-Jan,safertip.com
,LA LIGA2,1x,Home or draw,65,1-0,safertip.com
,LA LIGA2,1x,Home or draw,,3-0,safertip.com
,LA LIGA2,1x,Home or draw,,0-0,safertip.com
,LA LIGA2,1x,Home or draw,,5-0,safertip.com
,LA LIGA2,1x,Home or draw,,01-Jan,safertip.com
,LA LIGA2,1x,Home or draw,,2-0,safertip.com
,LA LIGA2,1x,Home or draw,,02-Jan,safertip.com
,LA LIGA2,1x,Home or draw,,2-0,safertip.com
,LA LIGA2,1x,Home or draw,,1-0,safertip.com
05-Mar-24,Argentina Copa De La Liga Professional,u3.5,under 3.5,70,0-1,safertip.com
05-Mar-24,Argentina Copa De La Liga Professional,GG,Both teams to score,55,0-2,safertip.com
05-Mar-24,Argentina Copa De La Liga Professional,1x,Home or draw,70,01-Jan,safertip.com
05-Mar-24,Argentina Copa De La Liga Professional,1x,Home or draw,65,2-0,safertip.com
05-Mar-24,Cyprus First Division,12,home or away,70,02-Jan,safertip.com
05-Mar-24,Cyprus First Division,1x,Home or draw,75,0-0,safertip.com
06-Mar-24,Argentina Copa De La Liga Professional,12,home or away,65,01-Feb,safertip.com
06-Mar-24,Argentina Copa De La Liga Professional,2x,Away or draw,70,1-0,safertip.com
06-Mar-24,Argentina Copa De La Liga Professional,1x,Home or draw,70,1-0,safertip.com
06-Mar-24,Argentina Copa De La Liga Professional,1x,Home or draw,65,2-0,safertip.com
06-Mar-24,Cyprus First Division,12,home or away,70,02-Jan,safertip.com
06-Mar-24,Cyprus First Division,1x,Home or draw,75,0-0,safertip.com
04-Mar-24,EPL,2&3.5,Away win and over 3.5,,0-6,sportytrader.com
,Serie A,1&NG,Home win and both teams not to score,,02-Jan,
,LA LIGA,1,Home win,,1-0,
